"041iTeoMIwXMlShuQPIVKo",1.33,"3MyFDtqB80WZvbtCZRsekM","RELATED_TO"
"3MyFDtqB80WZvbtCZRsekM",1.33,"041iTeoMIwXMlShuQPIVKo","RELATED_TO"
"3MyFDtqB80WZvbtCZRsekM",1.33,"6HQ6vf4AloXyVNdyJhrX1J","RELATED_TO"
"6HQ6vf4AloXyVNdyJhrX1J",1.27,"7vHAcPVlEDksRsCfkez2CD","RELATED_TO"
"7vHAcPVlEDksRsCfkez2CD",1.27,"6HQ6vf4AloXyVNdyJhrX1J","RELATED_TO"
"7vHAcPVlEDksRsCfkez2CD",1.21,"5zSWGyWE5d0PYaYrtdVwOz","RELATED_TO"
"5zSWGyWE5d0PYaYrtdVwOz",1.14,"5OReTeTBZ578sj07hDS0x7","RELATED_TO"
"5zSWGyWE5d0PYaYrtdVwOz",1.09,"0esUZwk3FcZiAH1fXa66dU","RELATED_TO"
"5zSWGyWE5d0PYaYrtdVwOz",1.21,"4S8NmgM7oJ188sKp1waZpy","RELATED_TO"
"5zSWGyWE5d0PYaYrtdVwOz",1.15,"1LFGVkNRmXz8jIkyPjaGNL","RELATED_TO"
"5zSWGyWE5d0PYaYrtdVwOz",1.26,"6HQ6vf4AloXyVNdyJhrX1J","RELATED_TO"
"5zSWGyWE5d0PYaYrtdVwOz",1.21,"7vHAcPVlEDksRsCfkez2CD","RELATED_TO"
"5zSWGyWE5d0PYaYrtdVwOz",1.15,"2SfhiNVhk8w8xCQ89P3NPU","RELATED_TO"
"5zSWGyWE5d0PYaYrtdVwOz",1.13,"0nwid3SFCGyXxnllTHzHPd","RELATED_TO"
"5zSWGyWE5d0PYaYrtdVwOz",1.11,"23BtKJexFLn0Ri6s7BEC4d","RELATED_TO"
"5zSWGyWE5d0PYaYrtdVwOz",1.08,"7HIN94LvSDgxN5RoOLi3E5","RELATED_TO"
"5zSWGyWE5d0PYaYrtdVwOz",1.23,"0uGApGjjFXKwUOAqYBeX7B","RELATED_TO"
"5zSWGyWE5d0PYaYrtdVwOz",1.08,"2ekaInISzbZNipWYe5y7IU","RELATED_TO"
"5zSWGyWE5d0PYaYrtdVwOz",1.16,"69VkQLf4DH7GJ68BCDOPKL","RELATED_TO"
"5zSWGyWE5d0PYaYrtdVwOz",1.11,"6J0Y4CoGMKL5RyeozHnVKl","RELATED_TO"
"5zSWGyWE5d0PYaYrtdVwOz",1.23,"04m3oUGzjO3EJTQidFzTgM","RELATED_TO"
"5zSWGyWE5d0PYaYrtdVwOz",1.13,"7l7IyxqOyGDSU6iF4FzisA","RELATED_TO"
"5zSWGyWE5d0PYaYrtdVwOz",1.19,"5344K3N7rx7kw1HjO8psuq","RELATED_TO"
"5zSWGyWE5d0PYaYrtdVwOz",1.2,"2IjiuEObrCKyZvSb8xLxG9","RELATED_TO"
"5zSWGyWE5d0PYaYrtdVwOz",1.11,"7pKvjpj0hmP1nnj34y9TlY","RELATED_TO"
"5zSWGyWE5d0PYaYrtdVwOz",1.13,"5SZUMeZ1O9tcgkSkkx1dFy","RELATED_TO"
"7vHAcPVlEDksRsCfkez2CD",1.15,"5OReTeTBZ578sj07hDS0x7","RELATED_TO"
"7vHAcPVlEDksRsCfkez2CD",1.18,"7vO5wbzI9RdVYlOGFL2ofk","RELATED_TO"
"7vO5wbzI9RdVYlOGFL2ofk",1.06,"0ClVe54tk9xP1FBVdFWnWi","RELATED_TO"
"7vO5wbzI9RdVYlOGFL2ofk",1.08,"6IbEdXQyS4jMvheGTgKtSr","RELATED_TO"
"7vO5wbzI9RdVYlOGFL2ofk",1.11,"66GofoGxQ1OAlCvfPRI90x","RELATED_TO"
"7vO5wbzI9RdVYlOGFL2ofk",1.08,"7qZUlT9qGTM05VsbBkBuWi","RELATED_TO"
"7vO5wbzI9RdVYlOGFL2ofk",1.08,"1voJnUcEoYhOptkLklUsVL","RELATED_TO"
"7vO5wbzI9RdVYlOGFL2ofk",1.12,"65Uy8U5VKTrqB70p39OLsH","RELATED_TO"
"7vO5wbzI9RdVYlOGFL2ofk",1.1,"3CO23gK5THkoucYiRmPMAo","RELATED_TO"
"7vO5wbzI9RdVYlOGFL2ofk",1.09,"6bdx22A1shpd9U6YAd8Vto","RELATED_TO"
"7vO5wbzI9RdVYlOGFL2ofk",1.06,"0Goi0yeqJIUVfvKkVhksHe","RELATED_TO"
"7vO5wbzI9RdVYlOGFL2ofk",1.08,"3aKYNxHBFiIcw0yrv06R6W","RELATED_TO"
"7vO5wbzI9RdVYlOGFL2ofk",0.96,"2WHAMC6E5RUnljbL5eijii","RELATED_TO"
"7vO5wbzI9RdVYlOGFL2ofk",1.06,"0ytRHtQMhO8Sts30vPTcON","RELATED_TO"
"7vO5wbzI9RdVYlOGFL2ofk",1.1,"6MCs7Y3fvs10ifq9B6mUMH","RELATED_TO"
"7vO5wbzI9RdVYlOGFL2ofk",1.1,"7a0a89o7fM8Qz6DK1PQNFM","RELATED_TO"
"7vO5wbzI9RdVYlOGFL2ofk",1.08,"7pKvjpj0hmP1nnj34y9TlY","RELATED_TO"
"7vO5wbzI9RdVYlOGFL2ofk",1.02,"5tp9PCd5UDGR8CP0teBhp3","RELATED_TO"
"7vO5wbzI9RdVYlOGFL2ofk",1.05,"3z8F7Kdw0p4P0zGaushTMR","RELATED_TO"
"7vO5wbzI9RdVYlOGFL2ofk",1.07,"3fN5sNv6BOuzPD6r95XVNJ","RELATED_TO"
"7vO5wbzI9RdVYlOGFL2ofk",0.96,"1LPyiIK0Tgl0WtfiNmbE25","RELATED_TO"
"7vO5wbzI9RdVYlOGFL2ofk",1.11,"4SBySq17NJZBCcFvushMNf","RELATED_TO"
"7vHAcPVlEDksRsCfkez2CD",1.15,"66GofoGxQ1OAlCvfPRI90x","RELATED_TO"
"7vHAcPVlEDksRsCfkez2CD",1.14,"6MCs7Y3fvs10ifq9B6mUMH","RELATED_TO"
"7vHAcPVlEDksRsCfkez2CD",1.19,"0TT7iBNHgH8NGc6vX5Vodo","RELATED_TO"
"0TT7iBNHgH8NGc6vX5Vodo",1.09,"7qZUlT9qGTM05VsbBkBuWi","RELATED_TO"
"0TT7iBNHgH8NGc6vX5Vodo",1.12,"66GofoGxQ1OAlCvfPRI90x","RELATED_TO"
"0TT7iBNHgH8NGc6vX5Vodo",1.13,"65Uy8U5VKTrqB70p39OLsH","RELATED_TO"
"0TT7iBNHgH8NGc6vX5Vodo",1.09,"1voJnUcEoYhOptkLklUsVL","RELATED_TO"
"0TT7iBNHgH8NGc6vX5Vodo",1.11,"3CO23gK5THkoucYiRmPMAo","RELATED_TO"
"0TT7iBNHgH8NGc6vX5Vodo",1.11,"6MCs7Y3fvs10ifq9B6mUMH","RELATED_TO"
"0TT7iBNHgH8NGc6vX5Vodo",1.04,"73L4PEW4FAJ7bsHZHqq4hP","RELATED_TO"
"0TT7iBNHgH8NGc6vX5Vodo",1.1,"6bdx22A1shpd9U6YAd8Vto","RELATED_TO"
"0TT7iBNHgH8NGc6vX5Vodo",1.07,"0Goi0yeqJIUVfvKkVhksHe","RELATED_TO"
"0TT7iBNHgH8NGc6vX5Vodo",1.03,"0B8o3cxzT2CjTjb7Gu4JEv","RELATED_TO"
"0TT7iBNHgH8NGc6vX5Vodo",0.97,"2WHAMC6E5RUnljbL5eijii","RELATED_TO"
"0TT7iBNHgH8NGc6vX5Vodo",1.15,"7vO5wbzI9RdVYlOGFL2ofk","RELATED_TO"
"0TT7iBNHgH8NGc6vX5Vodo",1.06,"3z8F7Kdw0p4P0zGaushTMR","RELATED_TO"
"0TT7iBNHgH8NGc6vX5Vodo",0.97,"1LPyiIK0Tgl0WtfiNmbE25","RELATED_TO"
"0TT7iBNHgH8NGc6vX5Vodo",1.11,"7a0a89o7fM8Qz6DK1PQNFM","RELATED_TO"
"0TT7iBNHgH8NGc6vX5Vodo",1.07,"0ytRHtQMhO8Sts30vPTcON","RELATED_TO"
"0TT7iBNHgH8NGc6vX5Vodo",1.09,"3aKYNxHBFiIcw0yrv06R6W","RELATED_TO"
"0TT7iBNHgH8NGc6vX5Vodo",1.07,"5kfKDSksVMsl63kpMZ8m2x","RELATED_TO"
"0TT7iBNHgH8NGc6vX5Vodo",1.08,"3fN5sNv6BOuzPD6r95XVNJ","RELATED_TO"
"0TT7iBNHgH8NGc6vX5Vodo",1.04,"50rU4gBfyrar1G08tnxdTl","RELATED_TO"
"7vHAcPVlEDksRsCfkez2CD",1.12,"7qZUlT9qGTM05VsbBkBuWi","RELATED_TO"
"7vHAcPVlEDksRsCfkez2CD",1.16,"65Uy8U5VKTrqB70p39OLsH","RELATED_TO"
"7vHAcPVlEDksRsCfkez2CD",1.09,"3z8F7Kdw0p4P0zGaushTMR","RELATED_TO"
"7vHAcPVlEDksRsCfkez2CD",1.12,"1voJnUcEoYhOptkLklUsVL","RELATED_TO"
"7vHAcPVlEDksRsCfkez2CD",1.13,"6bdx22A1shpd9U6YAd8Vto","RELATED_TO"
"7vHAcPVlEDksRsCfkez2CD",1.12,"3aKYNxHBFiIcw0yrv06R6W","RELATED_TO"
"7vHAcPVlEDksRsCfkez2CD",1.14,"4hheW577K2nAMAwDuTGAA4","RELATED_TO"
"4hheW577K2nAMAwDuTGAA4",1.03,"3fN5sNv6BOuzPD6r95XVNJ","RELATED_TO"
"4hheW577K2nAMAwDuTGAA4",0.98,"5tp9PCd5UDGR8CP0teBhp3","RELATED_TO"
"4hheW577K2nAMAwDuTGAA4",0.97,"2qq4OFTPe8qqLnzODvRnvw","RELATED_TO"
"4hheW577K2nAMAwDuTGAA4",1.02,"0Goi0yeqJIUVfvKkVhksHe","RELATED_TO"
"4hheW577K2nAMAwDuTGAA4",1.04,"1voJnUcEoYhOptkLklUsVL","RELATED_TO"
"4hheW577K2nAMAwDuTGAA4",1.02,"0ytRHtQMhO8Sts30vPTcON","RELATED_TO"
"4hheW577K2nAMAwDuTGAA4",1.05,"6bdx22A1shpd9U6YAd8Vto","RELATED_TO"
"4hheW577K2nAMAwDuTGAA4",1.02,"0ClVe54tk9xP1FBVdFWnWi","RELATED_TO"
"4hheW577K2nAMAwDuTGAA4",1.02,"3Q3pmaIKRKXh2e0g4A4Xpc","RELATED_TO"
"4hheW577K2nAMAwDuTGAA4",0.9,"01CKNofaWoejTw9J0WMkOa","RELATED_TO"
"4hheW577K2nAMAwDuTGAA4",1.06,"3CO23gK5THkoucYiRmPMAo","RELATED_TO"
"4hheW577K2nAMAwDuTGAA4",1.0,"6K90LxhQiEEJWrEE9Nn2Zg","RELATED_TO"
"4hheW577K2nAMAwDuTGAA4",1.01,"3z8F7Kdw0p4P0zGaushTMR","RELATED_TO"
"4hheW577K2nAMAwDuTGAA4",1.02,"0LnP8n2mREw2UvRL00TJqt","RELATED_TO"
"4hheW577K2nAMAwDuTGAA4",1.02,"5kfKDSksVMsl63kpMZ8m2x","RELATED_TO"
"4hheW577K2nAMAwDuTGAA4",1.04,"7qZUlT9qGTM05VsbBkBuWi","RELATED_TO"
"4hheW577K2nAMAwDuTGAA4",1.04,"3aKYNxHBFiIcw0yrv06R6W","RELATED_TO"
"4hheW577K2nAMAwDuTGAA4",1.04,"7pKvjpj0hmP1nnj34y9TlY","RELATED_TO"
"4hheW577K2nAMAwDuTGAA4",1.04,"6OFZSmtxDquMkX2XZJSN6y","RELATED_TO"
"4hheW577K2nAMAwDuTGAA4",1.06,"5wxw2CQKTIOSkPFJbTYVzl","RELATED_TO"
"7vHAcPVlEDksRsCfkez2CD",1.14,"3CO23gK5THkoucYiRmPMAo","RELATED_TO"
"7vHAcPVlEDksRsCfkez2CD",1.06,"0B8o3cxzT2CjTjb7Gu4JEv","RELATED_TO"
"7vHAcPVlEDksRsCfkez2CD",1.1,"0Goi0yeqJIUVfvKkVhksHe","RELATED_TO"
"7vHAcPVlEDksRsCfkez2CD",1.07,"73L4PEW4FAJ7bsHZHqq4hP","RELATED_TO"
"7vHAcPVlEDksRsCfkez2CD",1.22,"4S8NmgM7oJ188sKp1waZpy","RELATED_TO"
"7vHAcPVlEDksRsCfkez2CD",1.1,"0ytRHtQMhO8Sts30vPTcON","RELATED_TO"
"6HQ6vf4AloXyVNdyJhrX1J",1.22,"5rr0CMtvn1p9Be8ICfkTc3","RELATED_TO"
"5rr0CMtvn1p9Be8ICfkTc3",1.22,"6HQ6vf4AloXyVNdyJhrX1J","RELATED_TO"
"5rr0CMtvn1p9Be8ICfkTc3",1.16,"2IjiuEObrCKyZvSb8xLxG9","RELATED_TO"
"5rr0CMtvn1p9Be8ICfkTc3",1.04,"6JmzdIDSQdeHg0pocIascm","RELATED_TO"
"6JmzdIDSQdeHg0pocIascm",0.94,"08p782h5VznNEQMM4wAEp9","RELATED_TO"
"6JmzdIDSQdeHg0pocIascm",0.97,"0esUZwk3FcZiAH1fXa66dU","RELATED_TO"
"6JmzdIDSQdeHg0pocIascm",1.03,"1LFGVkNRmXz8jIkyPjaGNL","RELATED_TO"
"6JmzdIDSQdeHg0pocIascm",0.83,"3jUtu6ALbeVTfpZqn9ccgc","RELATED_TO"
"6JmzdIDSQdeHg0pocIascm",1.09,"4S8NmgM7oJ188sKp1waZpy","RELATED_TO"
"6JmzdIDSQdeHg0pocIascm",1.02,"5OReTeTBZ578sj07hDS0x7","RELATED_TO"
"6JmzdIDSQdeHg0pocIascm",1.08,"5zSWGyWE5d0PYaYrtdVwOz","RELATED_TO"
"6JmzdIDSQdeHg0pocIascm",0.94,"18XyLuKeMMfkTNKTmc6yOU","RELATED_TO"
"6JmzdIDSQdeHg0pocIascm",1.04,"5rr0CMtvn1p9Be8ICfkTc3","RELATED_TO"
"6JmzdIDSQdeHg0pocIascm",0.96,"7HIN94LvSDgxN5RoOLi3E5","RELATED_TO"
"6JmzdIDSQdeHg0pocIascm",1.08,"2IjiuEObrCKyZvSb8xLxG9","RELATED_TO"
"6JmzdIDSQdeHg0pocIascm",1.14,"6HQ6vf4AloXyVNdyJhrX1J","RELATED_TO"
"6JmzdIDSQdeHg0pocIascm",1.01,"0nwid3SFCGyXxnllTHzHPd","RELATED_TO"
"6JmzdIDSQdeHg0pocIascm",0.91,"08U9qk0KByTwtgdfKr7195","RELATED_TO"
"6JmzdIDSQdeHg0pocIascm",1.27,"20gsENnposVs2I4rQ5kvrf","RELATED_TO"
"6JmzdIDSQdeHg0pocIascm",0.9,"3TlZLU8gQBrjTGJlLLDruk","RELATED_TO"
"6JmzdIDSQdeHg0pocIascm",1.04,"69VkQLf4DH7GJ68BCDOPKL","RELATED_TO"
"6JmzdIDSQdeHg0pocIascm",0.98,"1yYBD4cVxCxXQXi4QGZfSo","RELATED_TO"
"6JmzdIDSQdeHg0pocIascm",1.12,"1L9i6qZYIGQedgM9QLSyzb","RELATED_TO"
"6JmzdIDSQdeHg0pocIascm",1.01,"0xZvYTiM5QT94j1abOm0nC","RELATED_TO"
"5rr0CMtvn1p9Be8ICfkTc3",1.23,"2tndYCXQneCV4jtoWRwVpz","RELATED_TO"
"2tndYCXQneCV4jtoWRwVpz",1.2,"0xZvYTiM5QT94j1abOm0nC","RELATED_TO"
"2tndYCXQneCV4jtoWRwVpz",1.26,"2QlwnS23KrBeshXFyK5U6M","RELATED_TO"
"2tndYCXQneCV4jtoWRwVpz",1.27,"5zSWGyWE5d0PYaYrtdVwOz","RELATED_TO"
"2tndYCXQneCV4jtoWRwVpz",1.24,"5s21IKPvmxRf9WxpO8H5UB","RELATED_TO"
"2tndYCXQneCV4jtoWRwVpz",1.23,"69VkQLf4DH7GJ68BCDOPKL","RELATED_TO"
"2tndYCXQneCV4jtoWRwVpz",1.21,"5OReTeTBZ578sj07hDS0x7","RELATED_TO"
"2tndYCXQneCV4jtoWRwVpz",1.33,"6HQ6vf4AloXyVNdyJhrX1J","RELATED_TO"
"2tndYCXQneCV4jtoWRwVpz",1.31,"5UUdxfBMwm0hLlLgnZtBFv","RELATED_TO"
"2tndYCXQneCV4jtoWRwVpz",1.21,"3YvNtTSaJ2YAt1RhaE9eiH","RELATED_TO"
"2tndYCXQneCV4jtoWRwVpz",1.26,"7cyJzgiJTXR3hf62l5zLOr","RELATED_TO"
"2tndYCXQneCV4jtoWRwVpz",1.13,"0WsLK7St3F88CZmxfDcNEi","RELATED_TO"
"2tndYCXQneCV4jtoWRwVpz",1.22,"3LbMrfAq8YnMksyS3H5zWD","RELATED_TO"
"2tndYCXQneCV4jtoWRwVpz",1.15,"2Po6PWRViaK7I9kvFiILxF","RELATED_TO"
"2tndYCXQneCV4jtoWRwVpz",1.2,"7l7IyxqOyGDSU6iF4FzisA","RELATED_TO"
"2tndYCXQneCV4jtoWRwVpz",1.2,"5SZUMeZ1O9tcgkSkkx1dFy","RELATED_TO"
"2tndYCXQneCV4jtoWRwVpz",1.18,"73C7eV9oN6yGgLSu8vIO4R","RELATED_TO"
"2tndYCXQneCV4jtoWRwVpz",1.43,"4ehtJnVumNf6xzSCDk8aLB","RELATED_TO"
"2tndYCXQneCV4jtoWRwVpz",1.17,"1LnBqMojv6Dv6DoPWTDSZ7","RELATED_TO"
"2tndYCXQneCV4jtoWRwVpz",1.19,"5xQaB2JfKU3pi6IqRsHy4G","RELATED_TO"
"2tndYCXQneCV4jtoWRwVpz",1.13,"7hp5hDp0WIQHip75gbNc8v","RELATED_TO"
"5rr0CMtvn1p9Be8ICfkTc3",1.09,"0xZvYTiM5QT94j1abOm0nC","RELATED_TO"
"5rr0CMtvn1p9Be8ICfkTc3",1.06,"1yYBD4cVxCxXQXi4QGZfSo","RELATED_TO"
"5rr0CMtvn1p9Be8ICfkTc3",1.16,"5zSWGyWE5d0PYaYrtdVwOz","RELATED_TO"
"5rr0CMtvn1p9Be8ICfkTc3",1.07,"6J0Y4CoGMKL5RyeozHnVKl","RELATED_TO"
"5rr0CMtvn1p9Be8ICfkTc3",1.2,"1L9i6qZYIGQedgM9QLSyzb","RELATED_TO"
"5rr0CMtvn1p9Be8ICfkTc3",1.1,"5OReTeTBZ578sj07hDS0x7","RELATED_TO"
"5rr0CMtvn1p9Be8ICfkTc3",1.17,"4S8NmgM7oJ188sKp1waZpy","RELATED_TO"
"5rr0CMtvn1p9Be8ICfkTc3",1.32,"4ehtJnVumNf6xzSCDk8aLB","RELATED_TO"
"5rr0CMtvn1p9Be8ICfkTc3",1.15,"2QlwnS23KrBeshXFyK5U6M","RELATED_TO"
"5rr0CMtvn1p9Be8ICfkTc3",1.28,"4YXycRbyyAE0wozTk7QMEq","RELATED_TO"
"4YXycRbyyAE0wozTk7QMEq",1.41,"6lB8vOoI4DRrrVxXwuV19c","RELATED_TO"
"4YXycRbyyAE0wozTk7QMEq",1.48,"4ehtJnVumNf6xzSCDk8aLB","RELATED_TO"
"4YXycRbyyAE0wozTk7QMEq",1.45,"6t1gpxYbY8OlLA7D2RiikQ","RELATED_TO"
"4YXycRbyyAE0wozTk7QMEq",1.25,"0xZvYTiM5QT94j1abOm0nC","RELATED_TO"
"4YXycRbyyAE0wozTk7QMEq",1.46,"5iNrZmtVMtYev5M9yoWpEq","RELATED_TO"
"4YXycRbyyAE0wozTk7QMEq",1.49,"7DMveApC7UnC2NPfPvlHSU","RELATED_TO"
"4YXycRbyyAE0wozTk7QMEq",1.38,"0DdDnziut7wOo6cAYWVZC5","RELATED_TO"
"4YXycRbyyAE0wozTk7QMEq",1.32,"3GtCKJA4SkOxN65MWjm82R","RELATED_TO"
"4YXycRbyyAE0wozTk7QMEq",1.33,"02A3cEvlLLCbIMVDrK2GHV","RELATED_TO"
"4YXycRbyyAE0wozTk7QMEq",1.49,"1IueXOQyABrMOprrzwQJWN","RELATED_TO"
"4YXycRbyyAE0wozTk7QMEq",1.39,"2tndYCXQneCV4jtoWRwVpz","RELATED_TO"
"4YXycRbyyAE0wozTk7QMEq",1.51,"20gsENnposVs2I4rQ5kvrf","RELATED_TO"
"4YXycRbyyAE0wozTk7QMEq",1.48,"2ZRQcIgzPCVaT9XKhXZIzh","RELATED_TO"
"4YXycRbyyAE0wozTk7QMEq",1.38,"3hyEbRtp617pNCuuQjyOmc","RELATED_TO"
"4YXycRbyyAE0wozTk7QMEq",1.29,"5s21IKPvmxRf9WxpO8H5UB","RELATED_TO"
"4YXycRbyyAE0wozTk7QMEq",1.2,"7LbuenKfQNLPKzvi1rKPBG","RELATED_TO"
"4YXycRbyyAE0wozTk7QMEq",1.4,"2Tg0aF5cbZktYFzgR1iAKv","RELATED_TO"
"4YXycRbyyAE0wozTk7QMEq",1.35,"6i1GVNJCyyssRwXmnaeEFH","RELATED_TO"
"4YXycRbyyAE0wozTk7QMEq",1.31,"2QlwnS23KrBeshXFyK5U6M","RELATED_TO"
"4YXycRbyyAE0wozTk7QMEq",1.38,"6HQ6vf4AloXyVNdyJhrX1J","RELATED_TO"
"5rr0CMtvn1p9Be8ICfkTc3",1.04,"3QqlKdJRY4IqUry390xfvJ","RELATED_TO"
"3QqlKdJRY4IqUry390xfvJ",1.19,"12A83CWwFiyXy90ScLWPIe","RELATED_TO"
"3QqlKdJRY4IqUry390xfvJ",1.12,"7KAGJwWQQui8b0uqwXRkSr","RELATED_TO"
"3QqlKdJRY4IqUry390xfvJ",0.86,"7FOb8fwCcjHjKlIlEZk6go","RELATED_TO"
"3QqlKdJRY4IqUry390xfvJ",1.04,"5rr0CMtvn1p9Be8ICfkTc3","RELATED_TO"
"3QqlKdJRY4IqUry390xfvJ",1.15,"67ghKnycRX6VM1xfqJSMlH","RELATED_TO"
"3QqlKdJRY4IqUry390xfvJ",1.04,"5dGsIOepO9ufQlXjW8KrPL","RELATED_TO"
"3QqlKdJRY4IqUry390xfvJ",0.91,"08U9qk0KByTwtgdfKr7195","RELATED_TO"
"3QqlKdJRY4IqUry390xfvJ",1.01,"0nwid3SFCGyXxnllTHzHPd","RELATED_TO"
"3QqlKdJRY4IqUry390xfvJ",1.06,"6dXL3SnQlCGX9LCUAyin6a","RELATED_TO"
"3QqlKdJRY4IqUry390xfvJ",0.82,"1fU1tRfV6R4fYD3cJL1izU","RELATED_TO"
"3QqlKdJRY4IqUry390xfvJ",1.03,"5xUacP1mVGfiY7Zr9RskmS","RELATED_TO"
"3QqlKdJRY4IqUry390xfvJ",0.9,"283labP4pvBfnIeozzFzR3","RELATED_TO"
"3QqlKdJRY4IqUry390xfvJ",1.11,"0uGApGjjFXKwUOAqYBeX7B","RELATED_TO"
"3QqlKdJRY4IqUry390xfvJ",1.28,"4bL2B6hmLlMWnUEZnorEtG","RELATED_TO"
"3QqlKdJRY4IqUry390xfvJ",0.77,"3fKyrFepUm9qwZ70j2Qrxu","RELATED_TO"
"3QqlKdJRY4IqUry390xfvJ",1.05,"7koJQAjVzXoUpH6pXrihXA","RELATED_TO"
"3QqlKdJRY4IqUry390xfvJ",1.24,"4AKwRarlmsUlLjIwt38NLw","RELATED_TO"
"3QqlKdJRY4IqUry390xfvJ",1.09,"4S8NmgM7oJ188sKp1waZpy","RELATED_TO"
"3QqlKdJRY4IqUry390xfvJ",1.19,"61ipISvUVa5LkJlKZnm3Oo","RELATED_TO"
"3QqlKdJRY4IqUry390xfvJ",0.99,"6J0Y4CoGMKL5RyeozHnVKl","RELATED_TO"
"5rr0CMtvn1p9Be8ICfkTc3",1.17,"02A3cEvlLLCbIMVDrK2GHV","RELATED_TO"
"5rr0CMtvn1p9Be8ICfkTc3",1.12,"721T2PETMLaAkijbYu05VD","RELATED_TO"
"721T2PETMLaAkijbYu05VD",1.25,"6lB8vOoI4DRrrVxXwuV19c","RELATED_TO"
"721T2PETMLaAkijbYu05VD",1.1,"5OReTeTBZ578sj07hDS0x7","RELATED_TO"
"721T2PETMLaAkijbYu05VD",1.03,"6YvP6AXefuZ3bROoEVjCiY","RELATED_TO"
"721T2PETMLaAkijbYu05VD",1.32,"4ehtJnVumNf6xzSCDk8aLB","RELATED_TO"
"721T2PETMLaAkijbYu05VD",1.2,"1L9i6qZYIGQedgM9QLSyzb","RELATED_TO"
"721T2PETMLaAkijbYu05VD",1.31,"7f5Zgnp2spUuuzKplmRkt7","RELATED_TO"
"721T2PETMLaAkijbYu05VD",1.15,"2QlwnS23KrBeshXFyK5U6M","RELATED_TO"
"721T2PETMLaAkijbYu05VD",1.12,"69VkQLf4DH7GJ68BCDOPKL","RELATED_TO"
"721T2PETMLaAkijbYu05VD",1.17,"4S8NmgM7oJ188sKp1waZpy","RELATED_TO"
"721T2PETMLaAkijbYu05VD",1.22,"6HQ6vf4AloXyVNdyJhrX1J","RELATED_TO"
"721T2PETMLaAkijbYu05VD",1.23,"2tndYCXQneCV4jtoWRwVpz","RELATED_TO"
"721T2PETMLaAkijbYu05VD",1.16,"5zSWGyWE5d0PYaYrtdVwOz","RELATED_TO"
"721T2PETMLaAkijbYu05VD",1.3,"5iNrZmtVMtYev5M9yoWpEq","RELATED_TO"
"721T2PETMLaAkijbYu05VD",1.25,"4FcZfItjVIsfO9TynErl7X","RELATED_TO"
"721T2PETMLaAkijbYu05VD",1.06,"6TlN75Ns66CyxBuZ7i3TK3","RELATED_TO"
"721T2PETMLaAkijbYu05VD",1.19,"0uGApGjjFXKwUOAqYBeX7B","RELATED_TO"
"721T2PETMLaAkijbYu05VD",1.16,"3GtCKJA4SkOxN65MWjm82R","RELATED_TO"
"721T2PETMLaAkijbYu05VD",1.16,"2IjiuEObrCKyZvSb8xLxG9","RELATED_TO"
"721T2PETMLaAkijbYu05VD",1.12,"5rr0CMtvn1p9Be8ICfkTc3","RELATED_TO"
"721T2PETMLaAkijbYu05VD",1.35,"20gsENnposVs2I4rQ5kvrf","RELATED_TO"
"5rr0CMtvn1p9Be8ICfkTc3",0.98,"3TlZLU8gQBrjTGJlLLDruk","RELATED_TO"
"5rr0CMtvn1p9Be8ICfkTc3",1.12,"69VkQLf4DH7GJ68BCDOPKL","RELATED_TO"
"5rr0CMtvn1p9Be8ICfkTc3",1.11,"1LFGVkNRmXz8jIkyPjaGNL","RELATED_TO"
"6HQ6vf4AloXyVNdyJhrX1J",1.26,"5zSWGyWE5d0PYaYrtdVwOz","RELATED_TO"
"6HQ6vf4AloXyVNdyJhrX1J",1.2,"5OReTeTBZ578sj07hDS0x7","RELATED_TO"
"6HQ6vf4AloXyVNdyJhrX1J",1.25,"2QlwnS23KrBeshXFyK5U6M","RELATED_TO"
"6HQ6vf4AloXyVNdyJhrX1J",1.14,"7HIN94LvSDgxN5RoOLi3E5","RELATED_TO"
"6HQ6vf4AloXyVNdyJhrX1J",1.33,"67ghKnycRX6VM1xfqJSMlH","RELATED_TO"
"6HQ6vf4AloXyVNdyJhrX1J",1.26,"2IjiuEObrCKyZvSb8xLxG9","RELATED_TO"
"6HQ6vf4AloXyVNdyJhrX1J",1.22,"12rBrcOPP50qIan8ew4iTP","RELATED_TO"
"12rBrcOPP50qIan8ew4iTP",0.98,"3TlZLU8gQBrjTGJlLLDruk","RELATED_TO"
"12rBrcOPP50qIan8ew4iTP",1.1,"5OReTeTBZ578sj07hDS0x7","RELATED_TO"
"12rBrcOPP50qIan8ew4iTP",1.22,"6HQ6vf4AloXyVNdyJhrX1J","RELATED_TO"
"12rBrcOPP50qIan8ew4iTP",1.03,"1f3NYrlm9GpXxMz8XZGEP5","RELATED_TO"
"1f3NYrlm9GpXxMz8XZGEP5",0.98,"3tYJfCciy07wTBt2HpjCQw","RELATED_TO"
"1f3NYrlm9GpXxMz8XZGEP5",1.01,"22lnnGKlaDxk8sfzCNRJuA","RELATED_TO"
"1f3NYrlm9GpXxMz8XZGEP5",1.06,"5VXPJC0PNpJbzB10A39G8E","RELATED_TO"
"1f3NYrlm9GpXxMz8XZGEP5",1.06,"1feoGrmmD8QmNqtK2Gdwy8","RELATED_TO"
"1f3NYrlm9GpXxMz8XZGEP5",0.97,"6fEZjgt9MHR4Hp3MiBRZHX","RELATED_TO"
"1f3NYrlm9GpXxMz8XZGEP5",1.06,"40HDiLfKm0tXk2FxlJx6aO","RELATED_TO"
"1f3NYrlm9GpXxMz8XZGEP5",1.01,"5LnNAR8Bhv2vJCJzBnCw9P","RELATED_TO"
"1f3NYrlm9GpXxMz8XZGEP5",1.04,"7qgorhDacy1FRz5HkAhDtu","RELATED_TO"
"1f3NYrlm9GpXxMz8XZGEP5",1.08,"0kXCdaJ7C5MD27jXxzvHsa","RELATED_TO"
"1f3NYrlm9GpXxMz8XZGEP5",0.89,"3avjTKhr5ZAxRVGMDs9AeX","RELATED_TO"
"1f3NYrlm9GpXxMz8XZGEP5",0.81,"1NiqyCNYaJnuKVTMFlWYVx","RELATED_TO"
"1f3NYrlm9GpXxMz8XZGEP5",1.03,"12rBrcOPP50qIan8ew4iTP","RELATED_TO"
"1f3NYrlm9GpXxMz8XZGEP5",1.07,"5zSWGyWE5d0PYaYrtdVwOz","RELATED_TO"
"1f3NYrlm9GpXxMz8XZGEP5",1.13,"6HQ6vf4AloXyVNdyJhrX1J","RELATED_TO"
"1f3NYrlm9GpXxMz8XZGEP5",0.95,"7HIN94LvSDgxN5RoOLi3E5","RELATED_TO"
"1f3NYrlm9GpXxMz8XZGEP5",0.89,"3TlZLU8gQBrjTGJlLLDruk","RELATED_TO"
"1f3NYrlm9GpXxMz8XZGEP5",1.01,"5OReTeTBZ578sj07hDS0x7","RELATED_TO"
"1f3NYrlm9GpXxMz8XZGEP5",0.94,"2NZMqINcyfepvLxQJdzcZk","RELATED_TO"
"1f3NYrlm9GpXxMz8XZGEP5",1.11,"1L9i6qZYIGQedgM9QLSyzb","RELATED_TO"
"1f3NYrlm9GpXxMz8XZGEP5",1.03,"69VkQLf4DH7GJ68BCDOPKL","RELATED_TO"
"12rBrcOPP50qIan8ew4iTP",1.16,"2IjiuEObrCKyZvSb8xLxG9","RELATED_TO"
"12rBrcOPP50qIan8ew4iTP",1.35,"20gsENnposVs2I4rQ5kvrf","RELATED_TO"
"12rBrcOPP50qIan8ew4iTP",1.04,"7HIN94LvSDgxN5RoOLi3E5","RELATED_TO"
"12rBrcOPP50qIan8ew4iTP",1.19,"04m3oUGzjO3EJTQidFzTgM","RELATED_TO"
"12rBrcOPP50qIan8ew4iTP",1.16,"5zSWGyWE5d0PYaYrtdVwOz","RELATED_TO"
"12rBrcOPP50qIan8ew4iTP",1.2,"1L9i6qZYIGQedgM9QLSyzb","RELATED_TO"
"12rBrcOPP50qIan8ew4iTP",1.25,"6lB8vOoI4DRrrVxXwuV19c","RELATED_TO"
"12rBrcOPP50qIan8ew4iTP",1.32,"4ehtJnVumNf6xzSCDk8aLB","RELATED_TO"
"12rBrcOPP50qIan8ew4iTP",1.07,"6J0Y4CoGMKL5RyeozHnVKl","RELATED_TO"
"12rBrcOPP50qIan8ew4iTP",1.12,"69VkQLf4DH7GJ68BCDOPKL","RELATED_TO"
"12rBrcOPP50qIan8ew4iTP",1.31,"7f5Zgnp2spUuuzKplmRkt7","RELATED_TO"
"12rBrcOPP50qIan8ew4iTP",1.12,"5rr0CMtvn1p9Be8ICfkTc3","RELATED_TO"
"12rBrcOPP50qIan8ew4iTP",1.07,"23BtKJexFLn0Ri6s7BEC4d","RELATED_TO"
"12rBrcOPP50qIan8ew4iTP",1.17,"4S8NmgM7oJ188sKp1waZpy","RELATED_TO"
"12rBrcOPP50qIan8ew4iTP",1.05,"6XfxrlXxNCk5pI7eaXQO2L","RELATED_TO"
"6XfxrlXxNCk5pI7eaXQO2L",0.99,"1g3DHFTgwP8SbgH5ND8lVj","RELATED_TO"
"6XfxrlXxNCk5pI7eaXQO2L",0.92,"08U9qk0KByTwtgdfKr7195","RELATED_TO"
"6XfxrlXxNCk5pI7eaXQO2L",1.03,"5OReTeTBZ578sj07hDS0x7","RELATED_TO"
"6XfxrlXxNCk5pI7eaXQO2L",0.94,"7AfIBbjDpPR6FlLWLsAcHu","RELATED_TO"
"6XfxrlXxNCk5pI7eaXQO2L",1.09,"2IjiuEObrCKyZvSb8xLxG9","RELATED_TO"
"6XfxrlXxNCk5pI7eaXQO2L",1.09,"5zSWGyWE5d0PYaYrtdVwOz","RELATED_TO"
"6XfxrlXxNCk5pI7eaXQO2L",1.02,"0nwid3SFCGyXxnllTHzHPd","RELATED_TO"
"6XfxrlXxNCk5pI7eaXQO2L",1.05,"5rr0CMtvn1p9Be8ICfkTc3","RELATED_TO"
"6XfxrlXxNCk5pI7eaXQO2L",0.87,"1oyYbvt8KfYIGkDQqEcVv0","RELATED_TO"
"6XfxrlXxNCk5pI7eaXQO2L",1.15,"6HQ6vf4AloXyVNdyJhrX1J","RELATED_TO"
"6XfxrlXxNCk5pI7eaXQO2L",1.0,"6J0Y4CoGMKL5RyeozHnVKl","RELATED_TO"
"6XfxrlXxNCk5pI7eaXQO2L",1.0,"23BtKJexFLn0Ri6s7BEC4d","RELATED_TO"
"6XfxrlXxNCk5pI7eaXQO2L",1.02,"0e7jcv95x5MTycydtfg6wv","RELATED_TO"
"6XfxrlXxNCk5pI7eaXQO2L",1.04,"2SfhiNVhk8w8xCQ89P3NPU","RELATED_TO"
"6XfxrlXxNCk5pI7eaXQO2L",0.87,"3g90aBVbbdK0mfQbI3vK6r","RELATED_TO"
"6XfxrlXxNCk5pI7eaXQO2L",0.7,"17f398j9Nm2gXv0san0TjM","RELATED_TO"
"6XfxrlXxNCk5pI7eaXQO2L",0.94,"118tMA379KP9TjxmsQsLKY","RELATED_TO"
"6XfxrlXxNCk5pI7eaXQO2L",0.81,"21wfUjH9hrJkW2qoKU0GhQ","RELATED_TO"
"6XfxrlXxNCk5pI7eaXQO2L",0.91,"3TlZLU8gQBrjTGJlLLDruk","RELATED_TO"
"6XfxrlXxNCk5pI7eaXQO2L",1.08,"2QlwnS23KrBeshXFyK5U6M","RELATED_TO"
"12rBrcOPP50qIan8ew4iTP",1.15,"5cBeFQv3kBVP8o15CmPTKb","RELATED_TO"
"5cBeFQv3kBVP8o15CmPTKb",1.19,"5zSWGyWE5d0PYaYrtdVwOz","RELATED_TO"
"5cBeFQv3kBVP8o15CmPTKb",1.14,"1LFGVkNRmXz8jIkyPjaGNL","RELATED_TO"
"5cBeFQv3kBVP8o15CmPTKb",1.13,"5OReTeTBZ578sj07hDS0x7","RELATED_TO"
"5cBeFQv3kBVP8o15CmPTKb",1.08,"0esUZwk3FcZiAH1fXa66dU","RELATED_TO"
"5cBeFQv3kBVP8o15CmPTKb",1.05,"18XyLuKeMMfkTNKTmc6yOU","RELATED_TO"
"5cBeFQv3kBVP8o15CmPTKb",1.01,"3TlZLU8gQBrjTGJlLLDruk","RELATED_TO"
"5cBeFQv3kBVP8o15CmPTKb",1.1,"6J0Y4CoGMKL5RyeozHnVKl","RELATED_TO"
"5cBeFQv3kBVP8o15CmPTKb",1.07,"6JmzdIDSQdeHg0pocIascm","RELATED_TO"
"5cBeFQv3kBVP8o15CmPTKb",1.08,"1nWS89L7evreaF9wcCsIyi","RELATED_TO"
"5cBeFQv3kBVP8o15CmPTKb",1.12,"0nwid3SFCGyXxnllTHzHPd","RELATED_TO"
"5cBeFQv3kBVP8o15CmPTKb",1.07,"7HIN94LvSDgxN5RoOLi3E5","RELATED_TO"
"5cBeFQv3kBVP8o15CmPTKb",1.19,"2IjiuEObrCKyZvSb8xLxG9","RELATED_TO"
"5cBeFQv3kBVP8o15CmPTKb",1.2,"4S8NmgM7oJ188sKp1waZpy","RELATED_TO"
"5cBeFQv3kBVP8o15CmPTKb",1.23,"1L9i6qZYIGQedgM9QLSyzb","RELATED_TO"
"5cBeFQv3kBVP8o15CmPTKb",1.26,"7keGfmQR4X5w0two1xKZ7d","RELATED_TO"
"5cBeFQv3kBVP8o15CmPTKb",1.05,"3EDo5M4D2IAhisy3TDpkWg","RELATED_TO"
"5cBeFQv3kBVP8o15CmPTKb",1.02,"08U9qk0KByTwtgdfKr7195","RELATED_TO"
"5cBeFQv3kBVP8o15CmPTKb",1.15,"69VkQLf4DH7GJ68BCDOPKL","RELATED_TO"
"5cBeFQv3kBVP8o15CmPTKb",0.94,"3jUtu6ALbeVTfpZqn9ccgc","RELATED_TO"
"5cBeFQv3kBVP8o15CmPTKb",1.25,"6HQ6vf4AloXyVNdyJhrX1J","RELATED_TO"
"6HQ6vf4AloXyVNdyJhrX1J",1.27,"4S8NmgM7oJ188sKp1waZpy","RELATED_TO"
"6HQ6vf4AloXyVNdyJhrX1J",1.33,"2tndYCXQneCV4jtoWRwVpz","RELATED_TO"
"6HQ6vf4AloXyVNdyJhrX1J",1.21,"1LFGVkNRmXz8jIkyPjaGNL","RELATED_TO"
"6HQ6vf4AloXyVNdyJhrX1J",1.15,"0esUZwk3FcZiAH1fXa66dU","RELATED_TO"
"6HQ6vf4AloXyVNdyJhrX1J",1.3,"1L9i6qZYIGQedgM9QLSyzb","RELATED_TO"
"6HQ6vf4AloXyVNdyJhrX1J",1.42,"4ehtJnVumNf6xzSCDk8aLB","RELATED_TO"
"6HQ6vf4AloXyVNdyJhrX1J",1.13,"1f3NYrlm9GpXxMz8XZGEP5","RELATED_TO"
"6HQ6vf4AloXyVNdyJhrX1J",1.33,"3MyFDtqB80WZvbtCZRsekM","RELATED_TO"
"6HQ6vf4AloXyVNdyJhrX1J",1.21,"2SfhiNVhk8w8xCQ89P3NPU","RELATED_TO"
"6HQ6vf4AloXyVNdyJhrX1J",1.25,"3E61SnNA9oqKP7hI0K3vZv","RELATED_TO"
"3E61SnNA9oqKP7hI0K3vZv",1.15,"4gJCFxvqKc43Ifk0UIBB42","RELATED_TO"
"4gJCFxvqKc43Ifk0UIBB42",1.22,"4mHAu7NX2UNsnGXjviBD9e","RELATED_TO"
"4gJCFxvqKc43Ifk0UIBB42",1.15,"3E61SnNA9oqKP7hI0K3vZv","RELATED_TO"
"4gJCFxvqKc43Ifk0UIBB42",1.24,"3IpvVrP3VLhruTmnququq7","RELATED_TO"
"4gJCFxvqKc43Ifk0UIBB42",1.02,"2HmmA3GhP0xsbRUiDllJUn","RELATED_TO"
"4gJCFxvqKc43Ifk0UIBB42",1.13,"12SPNXi0aDpFt0rMVbmLrr","RELATED_TO"
"4gJCFxvqKc43Ifk0UIBB42",1.06,"5CBNhusqki2s2jp4Lo6i2L","RELATED_TO"
"4gJCFxvqKc43Ifk0UIBB42",0.99,"1GcKPo3HglflWJSV683pHx","RELATED_TO"
"4gJCFxvqKc43Ifk0UIBB42",1.05,"4PVHdWG0LtOCDDXo3Vh2yW","RELATED_TO"
"4gJCFxvqKc43Ifk0UIBB42",1.15,"4FCzCS0KEgb0rgySWINItO","RELATED_TO"
"4gJCFxvqKc43Ifk0UIBB42",1.19,"0RViEWnZO2VhmY4oI0PhF9","RELATED_TO"
"4gJCFxvqKc43Ifk0UIBB42",1.12,"2XiiUuK68XNdHaHOAF5hnT","RELATED_TO"
"4gJCFxvqKc43Ifk0UIBB42",1.23,"5vQfv3s2Z2SRdPZKr82ABw","RELATED_TO"
"4gJCFxvqKc43Ifk0UIBB42",1.16,"6heMlLFM6RDDHRz99uKMqS","RELATED_TO"
"4gJCFxvqKc43Ifk0UIBB42",1.14,"7MFJyevu6jq0shwDuVLymu","RELATED_TO"
"4gJCFxvqKc43Ifk0UIBB42",0.93,"0gT2b7kbRgn15nSNPe3lgf","RELATED_TO"
"4gJCFxvqKc43Ifk0UIBB42",1.12,"19VDJ9IKyBSUMDJxLsasP6","RELATED_TO"
"4gJCFxvqKc43Ifk0UIBB42",1.11,"2Wzb0u138rgoZQTK3ytknT","RELATED_TO"
"4gJCFxvqKc43Ifk0UIBB42",1.04,"1PFc84GHTYPL0G12JHh9Mc","RELATED_TO"
"4gJCFxvqKc43Ifk0UIBB42",1.01,"5JHw3zW4kgwIZlh33geR1K","RELATED_TO"
"4gJCFxvqKc43Ifk0UIBB42",1.2,"0bMKf3lIYR9GaNTdFKkTOr","RELATED_TO"
"3E61SnNA9oqKP7hI0K3vZv",1.25,"4mHAu7NX2UNsnGXjviBD9e","RELATED_TO"
"3E61SnNA9oqKP7hI0K3vZv",1.27,"3IpvVrP3VLhruTmnququq7","RELATED_TO"
"3E61SnNA9oqKP7hI0K3vZv",1.15,"19VDJ9IKyBSUMDJxLsasP6","RELATED_TO"
"3E61SnNA9oqKP7hI0K3vZv",1.09,"5CBNhusqki2s2jp4Lo6i2L","RELATED_TO"
"3E61SnNA9oqKP7hI0K3vZv",1.07,"1I5pYXplsbqmHaVWlAEhla","RELATED_TO"
"1I5pYXplsbqmHaVWlAEhla",0.94,"2HmmA3GhP0xsbRUiDllJUn","RELATED_TO"
"1I5pYXplsbqmHaVWlAEhla",1.11,"0RViEWnZO2VhmY4oI0PhF9","RELATED_TO"
"1I5pYXplsbqmHaVWlAEhla",1.04,"19VDJ9IKyBSUMDJxLsasP6","RELATED_TO"
"1I5pYXplsbqmHaVWlAEhla",0.95,"2SHmJ9pvh1h1TXu2WulzL4","RELATED_TO"
"1I5pYXplsbqmHaVWlAEhla",1.04,"2XiiUuK68XNdHaHOAF5hnT","RELATED_TO"
"1I5pYXplsbqmHaVWlAEhla",1.12,"0bMKf3lIYR9GaNTdFKkTOr","RELATED_TO"
"1I5pYXplsbqmHaVWlAEhla",0.91,"1GcKPo3HglflWJSV683pHx","RELATED_TO"
"1I5pYXplsbqmHaVWlAEhla",1.07,"4FCzCS0KEgb0rgySWINItO","RELATED_TO"
"1I5pYXplsbqmHaVWlAEhla",1.04,"1wdU1J2NHzcDYarT7jEU2A","RELATED_TO"
"1I5pYXplsbqmHaVWlAEhla",0.85,"0gT2b7kbRgn15nSNPe3lgf","RELATED_TO"
"1I5pYXplsbqmHaVWlAEhla",1.07,"3E61SnNA9oqKP7hI0K3vZv","RELATED_TO"
"1I5pYXplsbqmHaVWlAEhla",0.99,"1qq5e02CcWNFqZMbmdrIcj","RELATED_TO"
"1I5pYXplsbqmHaVWlAEhla",1.06,"7MFJyevu6jq0shwDuVLymu","RELATED_TO"
"1I5pYXplsbqmHaVWlAEhla",0.99,"3htJBdRyfwyCTKgpZAj6pY","RELATED_TO"
"1I5pYXplsbqmHaVWlAEhla",1.14,"4mHAu7NX2UNsnGXjviBD9e","RELATED_TO"
"1I5pYXplsbqmHaVWlAEhla",1.04,"4gJCFxvqKc43Ifk0UIBB42","RELATED_TO"
"1I5pYXplsbqmHaVWlAEhla",0.88,"6y5Fs04MNlsUCyAgvXkSxg","RELATED_TO"
"1I5pYXplsbqmHaVWlAEhla",0.99,"7IVgVM49Z4ztdmOqOIxhvP","RELATED_TO"
"1I5pYXplsbqmHaVWlAEhla",1.02,"0DRf6JJDQnRnz0Yp209CmH","RELATED_TO"
"1I5pYXplsbqmHaVWlAEhla",0.91,"6ZXRsQeAoGPspf8tNeEtPo","RELATED_TO"
"3E61SnNA9oqKP7hI0K3vZv",1.29,"5wwneIFdawNgQ7GvKK29Z3","RELATED_TO"
"5wwneIFdawNgQ7GvKK29Z3",1.36,"4mHAu7NX2UNsnGXjviBD9e","RELATED_TO"
"5wwneIFdawNgQ7GvKK29Z3",1.26,"4gJCFxvqKc43Ifk0UIBB42","RELATED_TO"
"5wwneIFdawNgQ7GvKK29Z3",1.29,"3E61SnNA9oqKP7hI0K3vZv","RELATED_TO"
"5wwneIFdawNgQ7GvKK29Z3",1.27,"12SPNXi0aDpFt0rMVbmLrr","RELATED_TO"
"5wwneIFdawNgQ7GvKK29Z3",1.38,"3IpvVrP3VLhruTmnququq7","RELATED_TO"
"5wwneIFdawNgQ7GvKK29Z3",1.43,"2wX6xSig4Rig5kZU6ePlWe","RELATED_TO"
"5wwneIFdawNgQ7GvKK29Z3",1.29,"5WdqBAQhGFCrZvBKXiPIu7","RELATED_TO"
"5wwneIFdawNgQ7GvKK29Z3",1.44,"5nki7yRhxgM509M5ADlN1p","RELATED_TO"
"5wwneIFdawNgQ7GvKK29Z3",1.38,"4mrBetqy378Jf1y6NLszlx","RELATED_TO"
"5wwneIFdawNgQ7GvKK29Z3",1.29,"2QlwnS23KrBeshXFyK5U6M","RELATED_TO"
"5wwneIFdawNgQ7GvKK29Z3",1.26,"2XiiUuK68XNdHaHOAF5hnT","RELATED_TO"
"5wwneIFdawNgQ7GvKK29Z3",1.25,"7yOWqfe8iP613Ne5SV9XPP","RELATED_TO"
"5wwneIFdawNgQ7GvKK29Z3",1.26,"19VDJ9IKyBSUMDJxLsasP6","RELATED_TO"
"5wwneIFdawNgQ7GvKK29Z3",1.33,"6i1GVNJCyyssRwXmnaeEFH","RELATED_TO"
"5wwneIFdawNgQ7GvKK29Z3",1.33,"0RViEWnZO2VhmY4oI0PhF9","RELATED_TO"
"5wwneIFdawNgQ7GvKK29Z3",1.31,"4uiMn2g0pgTrhN096QJhbp","RELATED_TO"
"5wwneIFdawNgQ7GvKK29Z3",1.44,"1l2ekx5skC4gJH8djERwh1","RELATED_TO"
"5wwneIFdawNgQ7GvKK29Z3",1.39,"5ChF3i92IPZHduM7jN3dpg","RELATED_TO"
"5wwneIFdawNgQ7GvKK29Z3",1.46,"4ehtJnVumNf6xzSCDk8aLB","RELATED_TO"
"5wwneIFdawNgQ7GvKK29Z3",1.4,"1vo8zHmO1KzkuU9Xxh6J7W","RELATED_TO"
"3E61SnNA9oqKP7hI0K3vZv",1.08,"4PVHdWG0LtOCDDXo3Vh2yW","RELATED_TO"
"3E61SnNA9oqKP7hI0K3vZv",1.18,"2QlwnS23KrBeshXFyK5U6M","RELATED_TO"
"3E61SnNA9oqKP7hI0K3vZv",1.22,"6i1GVNJCyyssRwXmnaeEFH","RELATED_TO"
"3E61SnNA9oqKP7hI0K3vZv",1.15,"1wdU1J2NHzcDYarT7jEU2A","RELATED_TO"
"3E61SnNA9oqKP7hI0K3vZv",1.18,"4FCzCS0KEgb0rgySWINItO","RELATED_TO"
"3E61SnNA9oqKP7hI0K3vZv",1.14,"7yOWqfe8iP613Ne5SV9XPP","RELATED_TO"
"3E61SnNA9oqKP7hI0K3vZv",1.21,"4kwEd1P9j15ZqUVP5zK7Pv","RELATED_TO"
"4kwEd1P9j15ZqUVP5zK7Pv",1.18,"19VDJ9IKyBSUMDJxLsasP6","RELATED_TO"
"4kwEd1P9j15ZqUVP5zK7Pv",1.21,"3E61SnNA9oqKP7hI0K3vZv","RELATED_TO"
"4kwEd1P9j15ZqUVP5zK7Pv",1.21,"0nJcDqY6ox4kHB92AuRA8j","RELATED_TO"
"4kwEd1P9j15ZqUVP5zK7Pv",1.18,"5v8ZROs9c26k4yGMxUkebt","RELATED_TO"
"4kwEd1P9j15ZqUVP5zK7Pv",1.16,"3T0HSMgUpuH1hXbT1JPwQF","RELATED_TO"
"4kwEd1P9j15ZqUVP5zK7Pv",1.12,"5CBNhusqki2s2jp4Lo6i2L","RELATED_TO"
"4kwEd1P9j15ZqUVP5zK7Pv",1.21,"4WFtYn5RyU8VGPpPyW9Pxw","RELATED_TO"
"4kwEd1P9j15ZqUVP5zK7Pv",1.14,"5Nngx6kSXmrSiL248sEwmT","RELATED_TO"
"4kwEd1P9j15ZqUVP5zK7Pv",1.2,"6pcxIOhQCNb7DX2iuEXgxL","RELATED_TO"
"4kwEd1P9j15ZqUVP5zK7Pv",1.18,"4gJCFxvqKc43Ifk0UIBB42","RELATED_TO"
"4kwEd1P9j15ZqUVP5zK7Pv",1.29,"5EehXjjMktLuJmbRsM7YfB","RELATED_TO"
"4kwEd1P9j15ZqUVP5zK7Pv",1.17,"4bazJLWIv8CuqmgxJRiGqo","RELATED_TO"
"4kwEd1P9j15ZqUVP5zK7Pv",1.18,"1KNafMiV5Y3OhOr1A5tWwb","RELATED_TO"
"4kwEd1P9j15ZqUVP5zK7Pv",1.25,"1QOHbhVRpDoNtRkz79si6b","RELATED_TO"
"4kwEd1P9j15ZqUVP5zK7Pv",1.24,"4CuipEvwcoQggmCV8jpKF9","RELATED_TO"
"4kwEd1P9j15ZqUVP5zK7Pv",1.26,"7GMot9WvBYqhhJz92vhBp6","RELATED_TO"
"4kwEd1P9j15ZqUVP5zK7Pv",1.1,"1I5pYXplsbqmHaVWlAEhla","RELATED_TO"
"4kwEd1P9j15ZqUVP5zK7Pv",1.08,"2HmmA3GhP0xsbRUiDllJUn","RELATED_TO"
"4kwEd1P9j15ZqUVP5zK7Pv",1.17,"61StZOWgYff2AxDUejw4UI","RELATED_TO"
"4kwEd1P9j15ZqUVP5zK7Pv",1.12,"5lwT6gFdwV3Wcol07KUiJx","RELATED_TO"
"3E61SnNA9oqKP7hI0K3vZv",1.16,"12SPNXi0aDpFt0rMVbmLrr","RELATED_TO"
"3E61SnNA9oqKP7hI0K3vZv",1.11,"5Nngx6kSXmrSiL248sEwmT","RELATED_TO"
"3E61SnNA9oqKP7hI0K3vZv",1.13,"0DRf6JJDQnRnz0Yp209CmH","RELATED_TO"
"3E61SnNA9oqKP7hI0K3vZv",1.15,"5v8ZROs9c26k4yGMxUkebt","RELATED_TO"
"3E61SnNA9oqKP7hI0K3vZv",1.22,"0RViEWnZO2VhmY4oI0PhF9","RELATED_TO"
"3E61SnNA9oqKP7hI0K3vZv",1.03,"0WDjOCmlubUVdRozCz46sM","RELATED_TO"
"0WDjOCmlubUVdRozCz46sM",1.0,"4gJCFxvqKc43Ifk0UIBB42","RELATED_TO"
"0WDjOCmlubUVdRozCz46sM",0.93,"4PVHdWG0LtOCDDXo3Vh2yW","RELATED_TO"
"0WDjOCmlubUVdRozCz46sM",1.08,"0bMKf3lIYR9GaNTdFKkTOr","RELATED_TO"
"0WDjOCmlubUVdRozCz46sM",1.03,"3E61SnNA9oqKP7hI0K3vZv","RELATED_TO"
"0WDjOCmlubUVdRozCz46sM",1.0,"19VDJ9IKyBSUMDJxLsasP6","RELATED_TO"
"0WDjOCmlubUVdRozCz46sM",0.91,"2SHmJ9pvh1h1TXu2WulzL4","RELATED_TO"
"0WDjOCmlubUVdRozCz46sM",1.01,"12SPNXi0aDpFt0rMVbmLrr","RELATED_TO"
"0WDjOCmlubUVdRozCz46sM",0.98,"0DRf6JJDQnRnz0Yp209CmH","RELATED_TO"
"0WDjOCmlubUVdRozCz46sM",0.94,"5lwT6gFdwV3Wcol07KUiJx","RELATED_TO"
"0WDjOCmlubUVdRozCz46sM",0.9,"2HmmA3GhP0xsbRUiDllJUn","RELATED_TO"
"0WDjOCmlubUVdRozCz46sM",0.89,"5JHw3zW4kgwIZlh33geR1K","RELATED_TO"
"0WDjOCmlubUVdRozCz46sM",0.95,"11chB4Th19iMA7j65oGMk1","RELATED_TO"
"0WDjOCmlubUVdRozCz46sM",0.95,"1kwRrQDCpXpVliMDntpxCt","RELATED_TO"
"0WDjOCmlubUVdRozCz46sM",1.1,"4mHAu7NX2UNsnGXjviBD9e","RELATED_TO"
"0WDjOCmlubUVdRozCz46sM",0.96,"5Nngx6kSXmrSiL248sEwmT","RELATED_TO"
"0WDjOCmlubUVdRozCz46sM",1.0,"5v8ZROs9c26k4yGMxUkebt","RELATED_TO"
"0WDjOCmlubUVdRozCz46sM",0.92,"1I5pYXplsbqmHaVWlAEhla","RELATED_TO"
"0WDjOCmlubUVdRozCz46sM",1.06,"53YSn9tHwGJ6bq5P0gGoYo","RELATED_TO"
"0WDjOCmlubUVdRozCz46sM",0.96,"06cLuOP0p7VAnBnqil1eWX","RELATED_TO"
"0WDjOCmlubUVdRozCz46sM",0.95,"7IVgVM49Z4ztdmOqOIxhvP","RELATED_TO"
"6HQ6vf4AloXyVNdyJhrX1J",1.22,"69VkQLf4DH7GJ68BCDOPKL","RELATED_TO"
"3MyFDtqB80WZvbtCZRsekM",1.31,"1L9i6qZYIGQedgM9QLSyzb","RELATED_TO"
"3MyFDtqB80WZvbtCZRsekM",1.34,"7keGfmQR4X5w0two1xKZ7d","RELATED_TO"
"3MyFDtqB80WZvbtCZRsekM",1.42,"7f5Zgnp2spUuuzKplmRkt7","RELATED_TO"
"3MyFDtqB80WZvbtCZRsekM",1.27,"5zSWGyWE5d0PYaYrtdVwOz","RELATED_TO"
"3MyFDtqB80WZvbtCZRsekM",1.5,"3t5xRXzsuZmMDkQzgOX35S","RELATED_TO"
"3t5xRXzsuZmMDkQzgOX35S",1.58,"7f5Zgnp2spUuuzKplmRkt7","RELATED_TO"
"3t5xRXzsuZmMDkQzgOX35S",1.63,"4bL2B6hmLlMWnUEZnorEtG","RELATED_TO"
"3t5xRXzsuZmMDkQzgOX35S",1.5,"7keGfmQR4X5w0two1xKZ7d","RELATED_TO"
"3t5xRXzsuZmMDkQzgOX35S",1.59,"4ehtJnVumNf6xzSCDk8aLB","RELATED_TO"
"3t5xRXzsuZmMDkQzgOX35S",1.62,"20gsENnposVs2I4rQ5kvrf","RELATED_TO"
"3t5xRXzsuZmMDkQzgOX35S",1.5,"67ghKnycRX6VM1xfqJSMlH","RELATED_TO"
"3t5xRXzsuZmMDkQzgOX35S",1.6,"1IueXOQyABrMOprrzwQJWN","RELATED_TO"
"3t5xRXzsuZmMDkQzgOX35S",1.52,"6lB8vOoI4DRrrVxXwuV19c","RELATED_TO"
"3t5xRXzsuZmMDkQzgOX35S",1.5,"3MyFDtqB80WZvbtCZRsekM","RELATED_TO"
"3t5xRXzsuZmMDkQzgOX35S",1.59,"4AKwRarlmsUlLjIwt38NLw","RELATED_TO"
"3t5xRXzsuZmMDkQzgOX35S",1.47,"1L9i6qZYIGQedgM9QLSyzb","RELATED_TO"
"3t5xRXzsuZmMDkQzgOX35S",1.6,"7DMveApC7UnC2NPfPvlHSU","RELATED_TO"
"3t5xRXzsuZmMDkQzgOX35S",1.57,"5iNrZmtVMtYev5M9yoWpEq","RELATED_TO"
"3t5xRXzsuZmMDkQzgOX35S",1.62,"1HBjj22wzbscIZ9sEb5dyf","RELATED_TO"
"1HBjj22wzbscIZ9sEb5dyf",1.56,"1IueXOQyABrMOprrzwQJWN","RELATED_TO"
"1HBjj22wzbscIZ9sEb5dyf",1.55,"4ehtJnVumNf6xzSCDk8aLB","RELATED_TO"
"1HBjj22wzbscIZ9sEb5dyf",1.48,"6lB8vOoI4DRrrVxXwuV19c","RELATED_TO"
"1HBjj22wzbscIZ9sEb5dyf",1.56,"7DMveApC7UnC2NPfPvlHSU","RELATED_TO"
"1HBjj22wzbscIZ9sEb5dyf",1.4,"02A3cEvlLLCbIMVDrK2GHV","RELATED_TO"
"1HBjj22wzbscIZ9sEb5dyf",1.58,"20gsENnposVs2I4rQ5kvrf","RELATED_TO"
"1HBjj22wzbscIZ9sEb5dyf",1.59,"4bL2B6hmLlMWnUEZnorEtG","RELATED_TO"
"1HBjj22wzbscIZ9sEb5dyf",1.54,"7f5Zgnp2spUuuzKplmRkt7","RELATED_TO"
"1HBjj22wzbscIZ9sEb5dyf",1.53,"5iNrZmtVMtYev5M9yoWpEq","RELATED_TO"
"1HBjj22wzbscIZ9sEb5dyf",1.55,"4Q6nIcaBED8qUel8bBx6Cr","RELATED_TO"
"4Q6nIcaBED8qUel8bBx6Cr",1.49,"6t1gpxYbY8OlLA7D2RiikQ","RELATED_TO"
"4Q6nIcaBED8qUel8bBx6Cr",1.53,"1IueXOQyABrMOprrzwQJWN","RELATED_TO"
"4Q6nIcaBED8qUel8bBx6Cr",1.52,"4ehtJnVumNf6xzSCDk8aLB","RELATED_TO"
"4Q6nIcaBED8qUel8bBx6Cr",1.5,"5iNrZmtVMtYev5M9yoWpEq","RELATED_TO"
"4Q6nIcaBED8qUel8bBx6Cr",1.54,"4EPJlUEBy49EX1wuFOvtjK","RELATED_TO"
"4Q6nIcaBED8qUel8bBx6Cr",1.53,"7DMveApC7UnC2NPfPvlHSU","RELATED_TO"
"4Q6nIcaBED8qUel8bBx6Cr",1.52,"5KKpBU5eC2tJDzf0wmlRp2","RELATED_TO"
"4Q6nIcaBED8qUel8bBx6Cr",1.55,"1HBjj22wzbscIZ9sEb5dyf","RELATED_TO"
"4Q6nIcaBED8qUel8bBx6Cr",1.56,"4bL2B6hmLlMWnUEZnorEtG","RELATED_TO"
"4Q6nIcaBED8qUel8bBx6Cr",1.42,"0DdDnziut7wOo6cAYWVZC5","RELATED_TO"
"4Q6nIcaBED8qUel8bBx6Cr",1.48,"4YXycRbyyAE0wozTk7QMEq","RELATED_TO"
"4Q6nIcaBED8qUel8bBx6Cr",1.33,"6Ur6METz02CC9zcJWDFicC","RELATED_TO"
"4Q6nIcaBED8qUel8bBx6Cr",1.35,"4WFtYn5RyU8VGPpPyW9Pxw","RELATED_TO"
"4Q6nIcaBED8qUel8bBx6Cr",1.45,"6lB8vOoI4DRrrVxXwuV19c","RELATED_TO"
"4Q6nIcaBED8qUel8bBx6Cr",1.55,"1MIVXf74SZHmTIp4V4paH4","RELATED_TO"
"4Q6nIcaBED8qUel8bBx6Cr",1.55,"20gsENnposVs2I4rQ5kvrf","RELATED_TO"
"4Q6nIcaBED8qUel8bBx6Cr",1.46,"2gduEC76ry33RVurAvT05p","RELATED_TO"
"4Q6nIcaBED8qUel8bBx6Cr",1.57,"6DgP9otnZw5z6daOntINxp","RELATED_TO"
"4Q6nIcaBED8qUel8bBx6Cr",1.47,"1bj5GrcLom5gZFF5t949Xl","RELATED_TO"
"4Q6nIcaBED8qUel8bBx6Cr",1.51,"7f5Zgnp2spUuuzKplmRkt7","RELATED_TO"
"1HBjj22wzbscIZ9sEb5dyf",1.51,"4YXycRbyyAE0wozTk7QMEq","RELATED_TO"
"1HBjj22wzbscIZ9sEb5dyf",1.65,"23fqKkggKUBHNkbKtXEls4","RELATED_TO"
"23fqKkggKUBHNkbKtXEls4",1.62,"4ehtJnVumNf6xzSCDk8aLB","RELATED_TO"
"23fqKkggKUBHNkbKtXEls4",1.55,"6lB8vOoI4DRrrVxXwuV19c","RELATED_TO"
"23fqKkggKUBHNkbKtXEls4",1.63,"1IueXOQyABrMOprrzwQJWN","RELATED_TO"
"23fqKkggKUBHNkbKtXEls4",1.63,"7DMveApC7UnC2NPfPvlHSU","RELATED_TO"
"23fqKkggKUBHNkbKtXEls4",1.61,"7f5Zgnp2spUuuzKplmRkt7","RELATED_TO"
"23fqKkggKUBHNkbKtXEls4",1.66,"4bL2B6hmLlMWnUEZnorEtG","RELATED_TO"
"23fqKkggKUBHNkbKtXEls4",1.6,"5iNrZmtVMtYev5M9yoWpEq","RELATED_TO"
"23fqKkggKUBHNkbKtXEls4",1.65,"1HBjj22wzbscIZ9sEb5dyf","RELATED_TO"
"23fqKkggKUBHNkbKtXEls4",1.59,"6t1gpxYbY8OlLA7D2RiikQ","RELATED_TO"
"23fqKkggKUBHNkbKtXEls4",1.65,"20gsENnposVs2I4rQ5kvrf","RELATED_TO"
"23fqKkggKUBHNkbKtXEls4",1.58,"4YXycRbyyAE0wozTk7QMEq","RELATED_TO"
"23fqKkggKUBHNkbKtXEls4",1.53,"7keGfmQR4X5w0two1xKZ7d","RELATED_TO"
"23fqKkggKUBHNkbKtXEls4",1.62,"2ZRQcIgzPCVaT9XKhXZIzh","RELATED_TO"
"23fqKkggKUBHNkbKtXEls4",1.5,"1L9i6qZYIGQedgM9QLSyzb","RELATED_TO"
"23fqKkggKUBHNkbKtXEls4",1.62,"4Q6nIcaBED8qUel8bBx6Cr","RELATED_TO"
"23fqKkggKUBHNkbKtXEls4",1.69,"3t5xRXzsuZmMDkQzgOX35S","RELATED_TO"
"23fqKkggKUBHNkbKtXEls4",1.53,"2tndYCXQneCV4jtoWRwVpz","RELATED_TO"
"23fqKkggKUBHNkbKtXEls4",1.52,"6HQ6vf4AloXyVNdyJhrX1J","RELATED_TO"
"23fqKkggKUBHNkbKtXEls4",1.62,"4sTQVOfp9vEMCemLw50sbu","RELATED_TO"
"23fqKkggKUBHNkbKtXEls4",1.52,"3hyEbRtp617pNCuuQjyOmc","RELATED_TO"
"1HBjj22wzbscIZ9sEb5dyf",1.52,"6t1gpxYbY8OlLA7D2RiikQ","RELATED_TO"
"1HBjj22wzbscIZ9sEb5dyf",1.46,"5MouCg6ta7zAxsfMEbc1uh","RELATED_TO"
"5MouCg6ta7zAxsfMEbc1uh",1.44,"1IueXOQyABrMOprrzwQJWN","RELATED_TO"
"5MouCg6ta7zAxsfMEbc1uh",1.28,"02A3cEvlLLCbIMVDrK2GHV","RELATED_TO"
"5MouCg6ta7zAxsfMEbc1uh",1.43,"4ehtJnVumNf6xzSCDk8aLB","RELATED_TO"
"5MouCg6ta7zAxsfMEbc1uh",1.36,"6lB8vOoI4DRrrVxXwuV19c","RELATED_TO"
"5MouCg6ta7zAxsfMEbc1uh",1.44,"7DMveApC7UnC2NPfPvlHSU","RELATED_TO"
"5MouCg6ta7zAxsfMEbc1uh",1.46,"1HBjj22wzbscIZ9sEb5dyf","RELATED_TO"
"5MouCg6ta7zAxsfMEbc1uh",1.42,"7f5Zgnp2spUuuzKplmRkt7","RELATED_TO"
"5MouCg6ta7zAxsfMEbc1uh",1.47,"4bL2B6hmLlMWnUEZnorEtG","RELATED_TO"
"5MouCg6ta7zAxsfMEbc1uh",1.31,"1L9i6qZYIGQedgM9QLSyzb","RELATED_TO"
"5MouCg6ta7zAxsfMEbc1uh",1.34,"7keGfmQR4X5w0two1xKZ7d","RELATED_TO"
"5MouCg6ta7zAxsfMEbc1uh",1.39,"4YXycRbyyAE0wozTk7QMEq","RELATED_TO"
"5MouCg6ta7zAxsfMEbc1uh",1.46,"20gsENnposVs2I4rQ5kvrf","RELATED_TO"
"5MouCg6ta7zAxsfMEbc1uh",1.18,"5w6mMj1qwSILG0pcylfchp","RELATED_TO"
"5MouCg6ta7zAxsfMEbc1uh",1.31,"0awl5piYwO0CDTHEkCjUhn","RELATED_TO"
"5MouCg6ta7zAxsfMEbc1uh",1.37,"2XnBwblw31dfGnspMIwgWz","RELATED_TO"
"5MouCg6ta7zAxsfMEbc1uh",1.5,"3t5xRXzsuZmMDkQzgOX35S","RELATED_TO"
"5MouCg6ta7zAxsfMEbc1uh",1.43,"4sTQVOfp9vEMCemLw50sbu","RELATED_TO"
"5MouCg6ta7zAxsfMEbc1uh",1.36,"0DxeaLnv6SyYk2DOqkLO8c","RELATED_TO"
"5MouCg6ta7zAxsfMEbc1uh",1.43,"4Q6nIcaBED8qUel8bBx6Cr","RELATED_TO"
"5MouCg6ta7zAxsfMEbc1uh",1.53,"23fqKkggKUBHNkbKtXEls4","RELATED_TO"
"1HBjj22wzbscIZ9sEb5dyf",1.45,"0DdDnziut7wOo6cAYWVZC5","RELATED_TO"
"1HBjj22wzbscIZ9sEb5dyf",1.57,"4EPJlUEBy49EX1wuFOvtjK","RELATED_TO"
"1HBjj22wzbscIZ9sEb5dyf",1.46,"7keGfmQR4X5w0two1xKZ7d","RELATED_TO"
"1HBjj22wzbscIZ9sEb5dyf",1.55,"4sTQVOfp9vEMCemLw50sbu","RELATED_TO"
"1HBjj22wzbscIZ9sEb5dyf",1.49,"2XnBwblw31dfGnspMIwgWz","RELATED_TO"
"1HBjj22wzbscIZ9sEb5dyf",1.55,"2ZRQcIgzPCVaT9XKhXZIzh","RELATED_TO"
"3t5xRXzsuZmMDkQzgOX35S",1.49,"6HQ6vf4AloXyVNdyJhrX1J","RELATED_TO"
"3t5xRXzsuZmMDkQzgOX35S",1.55,"4YXycRbyyAE0wozTk7QMEq","RELATED_TO"
"3t5xRXzsuZmMDkQzgOX35S",1.44,"4S8NmgM7oJ188sKp1waZpy","RELATED_TO"
"3t5xRXzsuZmMDkQzgOX35S",1.54,"61ipISvUVa5LkJlKZnm3Oo","RELATED_TO"
"3t5xRXzsuZmMDkQzgOX35S",1.43,"5zSWGyWE5d0PYaYrtdVwOz","RELATED_TO"
"3t5xRXzsuZmMDkQzgOX35S",1.39,"69VkQLf4DH7GJ68BCDOPKL","RELATED_TO"
"3MyFDtqB80WZvbtCZRsekM",1.16,"0esUZwk3FcZiAH1fXa66dU","RELATED_TO"
"3MyFDtqB80WZvbtCZRsekM",1.28,"7vHAcPVlEDksRsCfkez2CD","RELATED_TO"
"3MyFDtqB80WZvbtCZRsekM",1.15,"7HIN94LvSDgxN5RoOLi3E5","RELATED_TO"
"3MyFDtqB80WZvbtCZRsekM",1.22,"1LFGVkNRmXz8jIkyPjaGNL","RELATED_TO"
"3MyFDtqB80WZvbtCZRsekM",1.21,"5OReTeTBZ578sj07hDS0x7","RELATED_TO"
"3MyFDtqB80WZvbtCZRsekM",1.28,"4S8NmgM7oJ188sKp1waZpy","RELATED_TO"
"3MyFDtqB80WZvbtCZRsekM",1.47,"4bL2B6hmLlMWnUEZnorEtG","RELATED_TO"
"3MyFDtqB80WZvbtCZRsekM",1.26,"2D9Oe8R9UhbMvFAsMJpXj0","RELATED_TO"
"2D9Oe8R9UhbMvFAsMJpXj0",1.1,"6XJeFzmI6vrWyHcdB7EImP","RELATED_TO"
"6XJeFzmI6vrWyHcdB7EImP",0.91,"2bfx0bw0uVRyfikzS3h5Mg","RELATED_TO"
"2bfx0bw0uVRyfikzS3h5Mg",0.82,"4GYQytEFxnzqH96O6QywsA","RELATED_TO"
"2bfx0bw0uVRyfikzS3h5Mg",0.91,"6XJeFzmI6vrWyHcdB7EImP","RELATED_TO"
"2bfx0bw0uVRyfikzS3h5Mg",0.86,"4jPpDbD1ERO3zjBon97ECM","RELATED_TO"
"2bfx0bw0uVRyfikzS3h5Mg",0.86,"3egW8Pgmbjm5vS4EPXZond","RELATED_TO"
"2bfx0bw0uVRyfikzS3h5Mg",0.87,"70s3JhU9Ai0cIowagibjNI","RELATED_TO"
"2bfx0bw0uVRyfikzS3h5Mg",0.74,"4yVEkQ8vCUQtJFRioN4Zhj","RELATED_TO"
"2bfx0bw0uVRyfikzS3h5Mg",0.98,"5wMlMjOLeJfS5DfxqGfm83","RELATED_TO"
"2bfx0bw0uVRyfikzS3h5Mg",0.88,"4N6XVXvfjBPNFCdS56TCea","RELATED_TO"
"2bfx0bw0uVRyfikzS3h5Mg",0.96,"64fjAjykuM8Oc3Bqup4g72","RELATED_TO"
"2bfx0bw0uVRyfikzS3h5Mg",0.95,"5zovXI5By2gUhdr7EByjLa","RELATED_TO"
"2bfx0bw0uVRyfikzS3h5Mg",0.92,"27j5PRcPefcI6q8as58zWF","RELATED_TO"
"2bfx0bw0uVRyfikzS3h5Mg",0.64,"198itnIfOerunuIbXqrXr3","RELATED_TO"
"2bfx0bw0uVRyfikzS3h5Mg",0.87,"0HZ3FXXgXyKoMHKwKSZOpq","RELATED_TO"
"2bfx0bw0uVRyfikzS3h5Mg",0.94,"0iTjLBepeGaLgZS18kxgRq","RELATED_TO"
"2bfx0bw0uVRyfikzS3h5Mg",0.9,"1iZiG82D4w7FLHvOUUj4zW","RELATED_TO"
"2bfx0bw0uVRyfikzS3h5Mg",0.91,"08jywfUS0hp8XYlYs0cvz8","RELATED_TO"
"2bfx0bw0uVRyfikzS3h5Mg",0.78,"4ueT3TFdSmR04bDAiZbjsW","RELATED_TO"
"2bfx0bw0uVRyfikzS3h5Mg",0.78,"67qmoqrkr162LFix4Czmlv","RELATED_TO"
"2bfx0bw0uVRyfikzS3h5Mg",0.85,"3j2zB13syOvCyrkJIomEA2","RELATED_TO"
"2bfx0bw0uVRyfikzS3h5Mg",0.96,"6eNOjuJSfKkAvbiGW90AkZ","RELATED_TO"
"6XJeFzmI6vrWyHcdB7EImP",0.93,"4GYQytEFxnzqH96O6QywsA","RELATED_TO"
"6XJeFzmI6vrWyHcdB7EImP",1.02,"08jywfUS0hp8XYlYs0cvz8","RELATED_TO"
"6XJeFzmI6vrWyHcdB7EImP",0.97,"3egW8Pgmbjm5vS4EPXZond","RELATED_TO"
"6XJeFzmI6vrWyHcdB7EImP",1.06,"5zovXI5By2gUhdr7EByjLa","RELATED_TO"
"6XJeFzmI6vrWyHcdB7EImP",1.07,"64fjAjykuM8Oc3Bqup4g72","RELATED_TO"
"6XJeFzmI6vrWyHcdB7EImP",0.99,"4N6XVXvfjBPNFCdS56TCea","RELATED_TO"
"6XJeFzmI6vrWyHcdB7EImP",1.05,"0iTjLBepeGaLgZS18kxgRq","RELATED_TO"
"6XJeFzmI6vrWyHcdB7EImP",1.03,"27j5PRcPefcI6q8as58zWF","RELATED_TO"
"6XJeFzmI6vrWyHcdB7EImP",1.07,"6eNOjuJSfKkAvbiGW90AkZ","RELATED_TO"
"6XJeFzmI6vrWyHcdB7EImP",1.01,"1iZiG82D4w7FLHvOUUj4zW","RELATED_TO"
"6XJeFzmI6vrWyHcdB7EImP",0.98,"70s3JhU9Ai0cIowagibjNI","RELATED_TO"
"6XJeFzmI6vrWyHcdB7EImP",0.96,"6mU76NVrD4mcmA5WIoiUMV","RELATED_TO"
"6mU76NVrD4mcmA5WIoiUMV",0.95,"1iZiG82D4w7FLHvOUUj4zW","RELATED_TO"
"6mU76NVrD4mcmA5WIoiUMV",0.94,"5Am25tT39BPzreHngMkuux","RELATED_TO"
"6mU76NVrD4mcmA5WIoiUMV",0.93,"7tL5UmgvPx6TqKyf0Sjjw6","RELATED_TO"
"6mU76NVrD4mcmA5WIoiUMV",0.97,"6Th7POyVfZgiHJQ64ddV5Y","RELATED_TO"
"6mU76NVrD4mcmA5WIoiUMV",0.78,"32fCH0Z7B8ydcz40ybZdqg","RELATED_TO"
"6mU76NVrD4mcmA5WIoiUMV",0.92,"0HZ3FXXgXyKoMHKwKSZOpq","RELATED_TO"
"6mU76NVrD4mcmA5WIoiUMV",0.97,"1LXTXZjheh25pXMEUT9iC1","RELATED_TO"
"6mU76NVrD4mcmA5WIoiUMV",0.87,"5iVuj2TcNIEBNnzGk97vfT","RELATED_TO"
"6mU76NVrD4mcmA5WIoiUMV",0.86,"0f14r70OISSfJoyqYaHbgV","RELATED_TO"
"6mU76NVrD4mcmA5WIoiUMV",0.98,"2XBuvmyzhH85j6sqv1fV3l","RELATED_TO"
"6mU76NVrD4mcmA5WIoiUMV",0.85,"3m5g6NUg2akZ9Vv9D8GYBf","RELATED_TO"
"6mU76NVrD4mcmA5WIoiUMV",0.94,"7gY2UGpmfLNKfezQPuG7Hx","RELATED_TO"
"6mU76NVrD4mcmA5WIoiUMV",0.91,"3egW8Pgmbjm5vS4EPXZond","RELATED_TO"
"6mU76NVrD4mcmA5WIoiUMV",1.01,"64fjAjykuM8Oc3Bqup4g72","RELATED_TO"
"6mU76NVrD4mcmA5WIoiUMV",0.89,"5kLzaeSHrmS7okc5XNE6lv","RELATED_TO"
"6mU76NVrD4mcmA5WIoiUMV",0.87,"4GYQytEFxnzqH96O6QywsA","RELATED_TO"
"6mU76NVrD4mcmA5WIoiUMV",0.96,"6XJeFzmI6vrWyHcdB7EImP","RELATED_TO"
"6mU76NVrD4mcmA5WIoiUMV",0.98,"1oXiuCd5F0DcnmXH5KaM6N","RELATED_TO"
"6mU76NVrD4mcmA5WIoiUMV",0.89,"2yPveJtn9DpeN0CgNJHvAQ","RELATED_TO"
"6mU76NVrD4mcmA5WIoiUMV",0.97,"27j5PRcPefcI6q8as58zWF","RELATED_TO"
"6XJeFzmI6vrWyHcdB7EImP",1.09,"5wMlMjOLeJfS5DfxqGfm83","RELATED_TO"
"6XJeFzmI6vrWyHcdB7EImP",0.98,"0HZ3FXXgXyKoMHKwKSZOpq","RELATED_TO"
"6XJeFzmI6vrWyHcdB7EImP",1.01,"1cS5EoXVqz7aON00AkVBBA","RELATED_TO"
"1cS5EoXVqz7aON00AkVBBA",1.13,"5wJK4kQAkVGjqM9x46KQOC","RELATED_TO"
"1cS5EoXVqz7aON00AkVBBA",1.05,"3LHqODf1hGAgZ5LTw1Gf4C","RELATED_TO"
"1cS5EoXVqz7aON00AkVBBA",1.0,"1iZiG82D4w7FLHvOUUj4zW","RELATED_TO"
"1cS5EoXVqz7aON00AkVBBA",0.94,"2yPveJtn9DpeN0CgNJHvAQ","RELATED_TO"
"1cS5EoXVqz7aON00AkVBBA",1.03,"1oXiuCd5F0DcnmXH5KaM6N","RELATED_TO"
"1cS5EoXVqz7aON00AkVBBA",1.02,"6Th7POyVfZgiHJQ64ddV5Y","RELATED_TO"
"1cS5EoXVqz7aON00AkVBBA",0.98,"4N6XVXvfjBPNFCdS56TCea","RELATED_TO"
"1cS5EoXVqz7aON00AkVBBA",1.11,"1WjBIvYAnZTkTh5UiZNwlR","RELATED_TO"
"1cS5EoXVqz7aON00AkVBBA",0.98,"7tL5UmgvPx6TqKyf0Sjjw6","RELATED_TO"
"1cS5EoXVqz7aON00AkVBBA",1.01,"08jywfUS0hp8XYlYs0cvz8","RELATED_TO"
"1cS5EoXVqz7aON00AkVBBA",1.04,"0iTjLBepeGaLgZS18kxgRq","RELATED_TO"
"1cS5EoXVqz7aON00AkVBBA",1.02,"1LXTXZjheh25pXMEUT9iC1","RELATED_TO"
"1cS5EoXVqz7aON00AkVBBA",1.01,"6XJeFzmI6vrWyHcdB7EImP","RELATED_TO"
"1cS5EoXVqz7aON00AkVBBA",1.05,"5zovXI5By2gUhdr7EByjLa","RELATED_TO"
"1cS5EoXVqz7aON00AkVBBA",1.03,"4BaLB5aiExO29BEGVUisru","RELATED_TO"
"1cS5EoXVqz7aON00AkVBBA",1.03,"0WSSKmoRbxqLf3MnXInQ2J","RELATED_TO"
"1cS5EoXVqz7aON00AkVBBA",1.02,"27j5PRcPefcI6q8as58zWF","RELATED_TO"
"1cS5EoXVqz7aON00AkVBBA",1.07,"5tY2sa8I11tpMuhU9onQ6e","RELATED_TO"
"1cS5EoXVqz7aON00AkVBBA",0.97,"0HZ3FXXgXyKoMHKwKSZOpq","RELATED_TO"
"1cS5EoXVqz7aON00AkVBBA",0.98,"44zcDDVZOY0ck7KECNUPK1","RELATED_TO"
"6XJeFzmI6vrWyHcdB7EImP",0.99,"7tL5UmgvPx6TqKyf0Sjjw6","RELATED_TO"
"6XJeFzmI6vrWyHcdB7EImP",1.03,"6Th7POyVfZgiHJQ64ddV5Y","RELATED_TO"
"6XJeFzmI6vrWyHcdB7EImP",1.05,"32wcuqRxZuBY5HbH1bWa8h","RELATED_TO"
"32wcuqRxZuBY5HbH1bWa8h",1.05,"6XJeFzmI6vrWyHcdB7EImP","RELATED_TO"
"32wcuqRxZuBY5HbH1bWa8h",1.01,"0HZ3FXXgXyKoMHKwKSZOpq","RELATED_TO"
"32wcuqRxZuBY5HbH1bWa8h",1.09,"5zovXI5By2gUhdr7EByjLa","RELATED_TO"
"32wcuqRxZuBY5HbH1bWa8h",1.04,"1iZiG82D4w7FLHvOUUj4zW","RELATED_TO"
"32wcuqRxZuBY5HbH1bWa8h",1.1,"64fjAjykuM8Oc3Bqup4g72","RELATED_TO"
"32wcuqRxZuBY5HbH1bWa8h",1.08,"0iTjLBepeGaLgZS18kxgRq","RELATED_TO"
"32wcuqRxZuBY5HbH1bWa8h",1.02,"4N6XVXvfjBPNFCdS56TCea","RELATED_TO"
"32wcuqRxZuBY5HbH1bWa8h",1.07,"2XBuvmyzhH85j6sqv1fV3l","RELATED_TO"
"32wcuqRxZuBY5HbH1bWa8h",1.02,"7tL5UmgvPx6TqKyf0Sjjw6","RELATED_TO"
"32wcuqRxZuBY5HbH1bWa8h",1.01,"70s3JhU9Ai0cIowagibjNI","RELATED_TO"
"32wcuqRxZuBY5HbH1bWa8h",1.12,"5wMlMjOLeJfS5DfxqGfm83","RELATED_TO"
"32wcuqRxZuBY5HbH1bWa8h",1.0,"1YkHCcMgZ6fTQMeEQyYKTf","RELATED_TO"
"32wcuqRxZuBY5HbH1bWa8h",1.0,"3egW8Pgmbjm5vS4EPXZond","RELATED_TO"
"32wcuqRxZuBY5HbH1bWa8h",1.01,"2vDXLZ9mI3CdTPPIzFUKlY","RELATED_TO"
"32wcuqRxZuBY5HbH1bWa8h",1.01,"0r0m8up7CjS8TJodH2HX7C","RELATED_TO"
"32wcuqRxZuBY5HbH1bWa8h",1.06,"27j5PRcPefcI6q8as58zWF","RELATED_TO"
"32wcuqRxZuBY5HbH1bWa8h",0.99,"6mU76NVrD4mcmA5WIoiUMV","RELATED_TO"
"32wcuqRxZuBY5HbH1bWa8h",1.06,"1LXTXZjheh25pXMEUT9iC1","RELATED_TO"
"32wcuqRxZuBY5HbH1bWa8h",0.96,"5iVuj2TcNIEBNnzGk97vfT","RELATED_TO"
"32wcuqRxZuBY5HbH1bWa8h",1.03,"0esUZwk3FcZiAH1fXa66dU","RELATED_TO"
"6XJeFzmI6vrWyHcdB7EImP",1.1,"2D9Oe8R9UhbMvFAsMJpXj0","RELATED_TO"
"2D9Oe8R9UhbMvFAsMJpXj0",1.14,"5zovXI5By2gUhdr7EByjLa","RELATED_TO"
"2D9Oe8R9UhbMvFAsMJpXj0",1.1,"3HRRzIZNQFus3xlUx2xKy1","RELATED_TO"
"3HRRzIZNQFus3xlUx2xKy1",1.05,"0iTjLBepeGaLgZS18kxgRq","RELATED_TO"
"3HRRzIZNQFus3xlUx2xKy1",0.99,"7tL5UmgvPx6TqKyf0Sjjw6","RELATED_TO"
"3HRRzIZNQFus3xlUx2xKy1",0.98,"0HZ3FXXgXyKoMHKwKSZOpq","RELATED_TO"
"3HRRzIZNQFus3xlUx2xKy1",1.12,"1WjBIvYAnZTkTh5UiZNwlR","RELATED_TO"
"3HRRzIZNQFus3xlUx2xKy1",0.98,"3VRvi42U8SsiT4YKP5LNCB","RELATED_TO"
"3VRvi42U8SsiT4YKP5LNCB",0.95,"44zcDDVZOY0ck7KECNUPK1","RELATED_TO"
"3VRvi42U8SsiT4YKP5LNCB",1.0,"1oXiuCd5F0DcnmXH5KaM6N","RELATED_TO"
"3VRvi42U8SsiT4YKP5LNCB",0.86,"3vy8oQAubj1IykJLLqvVFC","RELATED_TO"
"3VRvi42U8SsiT4YKP5LNCB",0.93,"0NBGssQpgDczTsVEp4pCbR","RELATED_TO"
"3VRvi42U8SsiT4YKP5LNCB",0.97,"27LGatz1m8aJ7ZaVVWEphc","RELATED_TO"
"3VRvi42U8SsiT4YKP5LNCB",0.98,"2nq2BeSbzExGAv3Y4HgUf7","RELATED_TO"
"3VRvi42U8SsiT4YKP5LNCB",1.08,"1WjBIvYAnZTkTh5UiZNwlR","RELATED_TO"
"3VRvi42U8SsiT4YKP5LNCB",1.0,"0WSSKmoRbxqLf3MnXInQ2J","RELATED_TO"
"3VRvi42U8SsiT4YKP5LNCB",0.88,"5XFQLyJekhzCO7PiTqboOB","RELATED_TO"
"3VRvi42U8SsiT4YKP5LNCB",0.86,"1dDTkRz9WVOQr63enjJ1Yd","RELATED_TO"
"3VRvi42U8SsiT4YKP5LNCB",1.03,"2CKaDZ1Yo8YnWega9IeUzB","RELATED_TO"
"3VRvi42U8SsiT4YKP5LNCB",0.95,"6JGLndnzrQrIFkd8NFha3C","RELATED_TO"
"3VRvi42U8SsiT4YKP5LNCB",0.99,"1LXTXZjheh25pXMEUT9iC1","RELATED_TO"
"3VRvi42U8SsiT4YKP5LNCB",0.78,"3q7XOzzlff7iCLz2JNalDV","RELATED_TO"
"3VRvi42U8SsiT4YKP5LNCB",0.95,"7tL5UmgvPx6TqKyf0Sjjw6","RELATED_TO"
"3VRvi42U8SsiT4YKP5LNCB",0.9,"623ecFS6T9xsx9Rb98eii5","RELATED_TO"
"3VRvi42U8SsiT4YKP5LNCB",0.88,"0f14r70OISSfJoyqYaHbgV","RELATED_TO"
"3VRvi42U8SsiT4YKP5LNCB",0.97,"1iZiG82D4w7FLHvOUUj4zW","RELATED_TO"
"3VRvi42U8SsiT4YKP5LNCB",0.93,"04jj7dljPI0ixtNsz2pXWK","RELATED_TO"
"3VRvi42U8SsiT4YKP5LNCB",0.92,"6OQOvP7RAdmAKVXXQqD0Se","RELATED_TO"
"3HRRzIZNQFus3xlUx2xKy1",1.04,"1oXiuCd5F0DcnmXH5KaM6N","RELATED_TO"
"3HRRzIZNQFus3xlUx2xKy1",0.98,"0r0m8up7CjS8TJodH2HX7C","RELATED_TO"
"3HRRzIZNQFus3xlUx2xKy1",1.07,"6eNOjuJSfKkAvbiGW90AkZ","RELATED_TO"
"3HRRzIZNQFus3xlUx2xKy1",1.07,"64fjAjykuM8Oc3Bqup4g72","RELATED_TO"
"3HRRzIZNQFus3xlUx2xKy1",1.02,"6XJeFzmI6vrWyHcdB7EImP","RELATED_TO"
"3HRRzIZNQFus3xlUx2xKy1",1.01,"1cS5EoXVqz7aON00AkVBBA","RELATED_TO"
"3HRRzIZNQFus3xlUx2xKy1",1.09,"7ry8L53T4oJtSIogGYuioq","RELATED_TO"
"7ry8L53T4oJtSIogGYuioq",1.14,"6eNOjuJSfKkAvbiGW90AkZ","RELATED_TO"
"7ry8L53T4oJtSIogGYuioq",1.12,"0iTjLBepeGaLgZS18kxgRq","RELATED_TO"
"7ry8L53T4oJtSIogGYuioq",1.19,"5RPzPJCg4ER1LzQkorZ31p","RELATED_TO"
"7ry8L53T4oJtSIogGYuioq",1.09,"3HRRzIZNQFus3xlUx2xKy1","RELATED_TO"
"7ry8L53T4oJtSIogGYuioq",1.05,"0r0m8up7CjS8TJodH2HX7C","RELATED_TO"
"7ry8L53T4oJtSIogGYuioq",1.05,"0HZ3FXXgXyKoMHKwKSZOpq","RELATED_TO"
"7ry8L53T4oJtSIogGYuioq",1.07,"7gY2UGpmfLNKfezQPuG7Hx","RELATED_TO"
"7ry8L53T4oJtSIogGYuioq",1.09,"2nq2BeSbzExGAv3Y4HgUf7","RELATED_TO"
"7ry8L53T4oJtSIogGYuioq",1.1,"1LXTXZjheh25pXMEUT9iC1","RELATED_TO"
"7ry8L53T4oJtSIogGYuioq",1.16,"5wMlMjOLeJfS5DfxqGfm83","RELATED_TO"
"7ry8L53T4oJtSIogGYuioq",1.15,"6sOEMfvCfHQ9dhSWyamXVb","RELATED_TO"
"7ry8L53T4oJtSIogGYuioq",1.05,"3VRvi42U8SsiT4YKP5LNCB","RELATED_TO"
"7ry8L53T4oJtSIogGYuioq",1.17,"2D9Oe8R9UhbMvFAsMJpXj0","RELATED_TO"
"7ry8L53T4oJtSIogGYuioq",1.11,"1oXiuCd5F0DcnmXH5KaM6N","RELATED_TO"
"7ry8L53T4oJtSIogGYuioq",1.14,"64fjAjykuM8Oc3Bqup4g72","RELATED_TO"
"7ry8L53T4oJtSIogGYuioq",1.05,"7uZckwZIIL89Paj8E1GEFO","RELATED_TO"
"7ry8L53T4oJtSIogGYuioq",1.19,"1WjBIvYAnZTkTh5UiZNwlR","RELATED_TO"
"7ry8L53T4oJtSIogGYuioq",1.12,"3Dw9w3jnmr58ocgxiwITcq","RELATED_TO"
"7ry8L53T4oJtSIogGYuioq",1.03,"4x2Ejyd2OGXtZrPvAQWvYL","RELATED_TO"
"7ry8L53T4oJtSIogGYuioq",1.06,"6JGLndnzrQrIFkd8NFha3C","RELATED_TO"
"3HRRzIZNQFus3xlUx2xKy1",1.03,"1LXTXZjheh25pXMEUT9iC1","RELATED_TO"
"3HRRzIZNQFus3xlUx2xKy1",1.0,"7gY2UGpmfLNKfezQPuG7Hx","RELATED_TO"
"3HRRzIZNQFus3xlUx2xKy1",1.01,"1iZiG82D4w7FLHvOUUj4zW","RELATED_TO"
"3HRRzIZNQFus3xlUx2xKy1",1.03,"6Th7POyVfZgiHJQ64ddV5Y","RELATED_TO"
"3HRRzIZNQFus3xlUx2xKy1",1.1,"2D9Oe8R9UhbMvFAsMJpXj0","RELATED_TO"
"3HRRzIZNQFus3xlUx2xKy1",0.92,"7lzYA6Ju09G9hcMA6RVelF","RELATED_TO"
"7lzYA6Ju09G9hcMA6RVelF",0.98,"6sOEMfvCfHQ9dhSWyamXVb","RELATED_TO"
"7lzYA6Ju09G9hcMA6RVelF",0.88,"7uZckwZIIL89Paj8E1GEFO","RELATED_TO"
"7lzYA6Ju09G9hcMA6RVelF",0.89,"4N6XVXvfjBPNFCdS56TCea","RELATED_TO"
"7lzYA6Ju09G9hcMA6RVelF",0.86,"4x2Ejyd2OGXtZrPvAQWvYL","RELATED_TO"
"7lzYA6Ju09G9hcMA6RVelF",0.87,"4MxsTQbn9jctKNfDlYrYNh","RELATED_TO"
"7lzYA6Ju09G9hcMA6RVelF",0.68,"4ZnZnqNlIMadbLWzurTTii","RELATED_TO"
"7lzYA6Ju09G9hcMA6RVelF",0.8,"2dUsAHSrnsFvNpNpAV4aGI","RELATED_TO"
"7lzYA6Ju09G9hcMA6RVelF",0.92,"3HRRzIZNQFus3xlUx2xKy1","RELATED_TO"
"7lzYA6Ju09G9hcMA6RVelF",0.88,"0HZ3FXXgXyKoMHKwKSZOpq","RELATED_TO"
"7lzYA6Ju09G9hcMA6RVelF",0.95,"0iTjLBepeGaLgZS18kxgRq","RELATED_TO"
"7lzYA6Ju09G9hcMA6RVelF",0.97,"64fjAjykuM8Oc3Bqup4g72","RELATED_TO"
"7lzYA6Ju09G9hcMA6RVelF",0.97,"6eNOjuJSfKkAvbiGW90AkZ","RELATED_TO"
"7lzYA6Ju09G9hcMA6RVelF",0.77,"6mbgZyWRlDKMVMALyV28sl","RELATED_TO"
"7lzYA6Ju09G9hcMA6RVelF",0.96,"5zovXI5By2gUhdr7EByjLa","RELATED_TO"
"7lzYA6Ju09G9hcMA6RVelF",0.81,"2bfx0bw0uVRyfikzS3h5Mg","RELATED_TO"
"7lzYA6Ju09G9hcMA6RVelF",0.88,"70s3JhU9Ai0cIowagibjNI","RELATED_TO"
"7lzYA6Ju09G9hcMA6RVelF",0.93,"27j5PRcPefcI6q8as58zWF","RELATED_TO"
"7lzYA6Ju09G9hcMA6RVelF",0.9,"7gY2UGpmfLNKfezQPuG7Hx","RELATED_TO"
"7lzYA6Ju09G9hcMA6RVelF",0.89,"7tL5UmgvPx6TqKyf0Sjjw6","RELATED_TO"
"7lzYA6Ju09G9hcMA6RVelF",0.93,"1LXTXZjheh25pXMEUT9iC1","RELATED_TO"
"3HRRzIZNQFus3xlUx2xKy1",1.02,"2nq2BeSbzExGAv3Y4HgUf7","RELATED_TO"
"3HRRzIZNQFus3xlUx2xKy1",0.99,"4N6XVXvfjBPNFCdS56TCea","RELATED_TO"
"2D9Oe8R9UhbMvFAsMJpXj0",1.13,"0iTjLBepeGaLgZS18kxgRq","RELATED_TO"
"2D9Oe8R9UhbMvFAsMJpXj0",1.15,"6eNOjuJSfKkAvbiGW90AkZ","RELATED_TO"
"2D9Oe8R9UhbMvFAsMJpXj0",1.07,"7tL5UmgvPx6TqKyf0Sjjw6","RELATED_TO"
"2D9Oe8R9UhbMvFAsMJpXj0",1.06,"0HZ3FXXgXyKoMHKwKSZOpq","RELATED_TO"
"2D9Oe8R9UhbMvFAsMJpXj0",1.06,"0r0m8up7CjS8TJodH2HX7C","RELATED_TO"
"2D9Oe8R9UhbMvFAsMJpXj0",1.12,"1oXiuCd5F0DcnmXH5KaM6N","RELATED_TO"
"2D9Oe8R9UhbMvFAsMJpXj0",1.11,"1LXTXZjheh25pXMEUT9iC1","RELATED_TO"
"2D9Oe8R9UhbMvFAsMJpXj0",1.17,"5wMlMjOLeJfS5DfxqGfm83","RELATED_TO"
"2D9Oe8R9UhbMvFAsMJpXj0",1.19,"08Ut1tYxtmgIInVyQqohkM","RELATED_TO"
"08Ut1tYxtmgIInVyQqohkM",1.26,"0rasA5Z5h1ITtHelCpfu9R","RELATED_TO"
"0rasA5Z5h1ITtHelCpfu9R",1.13,"3VRvi42U8SsiT4YKP5LNCB","RELATED_TO"
"0rasA5Z5h1ITtHelCpfu9R",1.27,"1WjBIvYAnZTkTh5UiZNwlR","RELATED_TO"
"0rasA5Z5h1ITtHelCpfu9R",1.26,"08Ut1tYxtmgIInVyQqohkM","RELATED_TO"
"0rasA5Z5h1ITtHelCpfu9R",1.14,"44zcDDVZOY0ck7KECNUPK1","RELATED_TO"
"0rasA5Z5h1ITtHelCpfu9R",1.22,"2CKaDZ1Yo8YnWega9IeUzB","RELATED_TO"
"0rasA5Z5h1ITtHelCpfu9R",1.19,"1oXiuCd5F0DcnmXH5KaM6N","RELATED_TO"
"0rasA5Z5h1ITtHelCpfu9R",1.14,"7tL5UmgvPx6TqKyf0Sjjw6","RELATED_TO"
"0rasA5Z5h1ITtHelCpfu9R",1.17,"2nq2BeSbzExGAv3Y4HgUf7","RELATED_TO"
"0rasA5Z5h1ITtHelCpfu9R",1.18,"1LXTXZjheh25pXMEUT9iC1","RELATED_TO"
"0rasA5Z5h1ITtHelCpfu9R",1.18,"4lu50np3LdTkRL09T7x8UP","RELATED_TO"
"0rasA5Z5h1ITtHelCpfu9R",1.12,"1YkHCcMgZ6fTQMeEQyYKTf","RELATED_TO"
"0rasA5Z5h1ITtHelCpfu9R",1.17,"3HRRzIZNQFus3xlUx2xKy1","RELATED_TO"
"0rasA5Z5h1ITtHelCpfu9R",1.06,"5Jpy5UevFNksfrxNyE7tcE","RELATED_TO"
"0rasA5Z5h1ITtHelCpfu9R",1.32,"6caPJFLv1wesmM7gwK1ACy","RELATED_TO"
"0rasA5Z5h1ITtHelCpfu9R",1.22,"64fjAjykuM8Oc3Bqup4g72","RELATED_TO"
"0rasA5Z5h1ITtHelCpfu9R",1.16,"1iZiG82D4w7FLHvOUUj4zW","RELATED_TO"
"0rasA5Z5h1ITtHelCpfu9R",1.2,"0iTjLBepeGaLgZS18kxgRq","RELATED_TO"
"0rasA5Z5h1ITtHelCpfu9R",1.15,"7gY2UGpmfLNKfezQPuG7Hx","RELATED_TO"
"0rasA5Z5h1ITtHelCpfu9R",1.25,"2D9Oe8R9UhbMvFAsMJpXj0","RELATED_TO"
"0rasA5Z5h1ITtHelCpfu9R",1.14,"6JGLndnzrQrIFkd8NFha3C","RELATED_TO"
"08Ut1tYxtmgIInVyQqohkM",1.21,"1WjBIvYAnZTkTh5UiZNwlR","RELATED_TO"
"08Ut1tYxtmgIInVyQqohkM",1.08,"7tL5UmgvPx6TqKyf0Sjjw6","RELATED_TO"
"08Ut1tYxtmgIInVyQqohkM",1.13,"1oXiuCd5F0DcnmXH5KaM6N","RELATED_TO"
"08Ut1tYxtmgIInVyQqohkM",1.07,"3VRvi42U8SsiT4YKP5LNCB","RELATED_TO"
"08Ut1tYxtmgIInVyQqohkM",1.08,"44zcDDVZOY0ck7KECNUPK1","RELATED_TO"
"08Ut1tYxtmgIInVyQqohkM",1.06,"1YkHCcMgZ6fTQMeEQyYKTf","RELATED_TO"
"08Ut1tYxtmgIInVyQqohkM",1.12,"1LXTXZjheh25pXMEUT9iC1","RELATED_TO"
"08Ut1tYxtmgIInVyQqohkM",1.0,"5Jpy5UevFNksfrxNyE7tcE","RELATED_TO"
"08Ut1tYxtmgIInVyQqohkM",1.1,"1iZiG82D4w7FLHvOUUj4zW","RELATED_TO"
"08Ut1tYxtmgIInVyQqohkM",1.16,"64fjAjykuM8Oc3Bqup4g72","RELATED_TO"
"08Ut1tYxtmgIInVyQqohkM",1.14,"0iTjLBepeGaLgZS18kxgRq","RELATED_TO"
"08Ut1tYxtmgIInVyQqohkM",1.11,"3HRRzIZNQFus3xlUx2xKy1","RELATED_TO"
"08Ut1tYxtmgIInVyQqohkM",1.07,"0HZ3FXXgXyKoMHKwKSZOpq","RELATED_TO"
"08Ut1tYxtmgIInVyQqohkM",1.16,"2CKaDZ1Yo8YnWega9IeUzB","RELATED_TO"
"08Ut1tYxtmgIInVyQqohkM",1.26,"041iTeoMIwXMlShuQPIVKo","RELATED_TO"
"08Ut1tYxtmgIInVyQqohkM",1.09,"7gY2UGpmfLNKfezQPuG7Hx","RELATED_TO"
"08Ut1tYxtmgIInVyQqohkM",1.15,"5zovXI5By2gUhdr7EByjLa","RELATED_TO"
"08Ut1tYxtmgIInVyQqohkM",1.12,"27j5PRcPefcI6q8as58zWF","RELATED_TO"
"08Ut1tYxtmgIInVyQqohkM",1.08,"4N6XVXvfjBPNFCdS56TCea","RELATED_TO"
"2D9Oe8R9UhbMvFAsMJpXj0",1.17,"4jGpKAmwvU263l0tUh4xKU","RELATED_TO"
"4jGpKAmwvU263l0tUh4xKU",1.02,"0zmnkCTbAxYsZAMIqXEzfS","RELATED_TO"
"0zmnkCTbAxYsZAMIqXEzfS",0.9,"04jj7dljPI0ixtNsz2pXWK","RELATED_TO"
"0zmnkCTbAxYsZAMIqXEzfS",0.86,"0Z2EpubIhxnq4B6PV0I8n3","RELATED_TO"
"0zmnkCTbAxYsZAMIqXEzfS",0.85,"5XFQLyJekhzCO7PiTqboOB","RELATED_TO"
"0zmnkCTbAxYsZAMIqXEzfS",0.92,"2hPCF7VDHhihvNdobslOHw","RELATED_TO"
"0zmnkCTbAxYsZAMIqXEzfS",1.02,"4jGpKAmwvU263l0tUh4xKU","RELATED_TO"
"0zmnkCTbAxYsZAMIqXEzfS",1.01,"532SqCIYmJyXEdEiCJLgYG","RELATED_TO"
"0zmnkCTbAxYsZAMIqXEzfS",0.77,"7CpmbhzkL9uT1D9nhckTxB","RELATED_TO"
"0zmnkCTbAxYsZAMIqXEzfS",0.98,"5gTVJRQmuS88nOhhdHqErL","RELATED_TO"
"0zmnkCTbAxYsZAMIqXEzfS",0.91,"0u2qG4roqULELVVO9fMgSG","RELATED_TO"
"0zmnkCTbAxYsZAMIqXEzfS",0.79,"2Nd5J1iedlzuNp32YYNuAl","RELATED_TO"
"0zmnkCTbAxYsZAMIqXEzfS",0.73,"3N25CMw5c1CeTTWa3cHUYm","RELATED_TO"
"0zmnkCTbAxYsZAMIqXEzfS",0.81,"3Uvzk4iffO4mvchgRNJjbs","RELATED_TO"
"0zmnkCTbAxYsZAMIqXEzfS",0.9,"5mpJ1Z8BYEOG0rrdO4a2nG","RELATED_TO"
"0zmnkCTbAxYsZAMIqXEzfS",0.85,"7Em4kWZ5atMYknHwSkp3gD","RELATED_TO"
"0zmnkCTbAxYsZAMIqXEzfS",0.81,"0NznnEmGCRqungT5a57GG3","RELATED_TO"
"0zmnkCTbAxYsZAMIqXEzfS",0.79,"14G0lujBF81VHxi1gYt9A1","RELATED_TO"
"0zmnkCTbAxYsZAMIqXEzfS",0.89,"2bqGPuC8kDCTLWieGOyWxu","RELATED_TO"
"0zmnkCTbAxYsZAMIqXEzfS",0.86,"3C046bLxNmvBQyaucinAhf","RELATED_TO"
"0zmnkCTbAxYsZAMIqXEzfS",0.86,"1XcPIHqirx1Jaxm2bAxMeV","RELATED_TO"
"0zmnkCTbAxYsZAMIqXEzfS",0.87,"3DQ7WGIfJ4z4aQzNE1bNFF","RELATED_TO"
"4jGpKAmwvU263l0tUh4xKU",1.1,"4lu50np3LdTkRL09T7x8UP","RELATED_TO"
"4jGpKAmwvU263l0tUh4xKU",0.99,"5XFQLyJekhzCO7PiTqboOB","RELATED_TO"
"4jGpKAmwvU263l0tUh4xKU",1.14,"2CKaDZ1Yo8YnWega9IeUzB","RELATED_TO"
"4jGpKAmwvU263l0tUh4xKU",1.1,"1LXTXZjheh25pXMEUT9iC1","RELATED_TO"
"4jGpKAmwvU263l0tUh4xKU",1.1,"6Th7POyVfZgiHJQ64ddV5Y","RELATED_TO"
"4jGpKAmwvU263l0tUh4xKU",1.06,"44zcDDVZOY0ck7KECNUPK1","RELATED_TO"
"4jGpKAmwvU263l0tUh4xKU",1.04,"04jj7dljPI0ixtNsz2pXWK","RELATED_TO"
"4jGpKAmwvU263l0tUh4xKU",1.09,"2nq2BeSbzExGAv3Y4HgUf7","RELATED_TO"
"4jGpKAmwvU263l0tUh4xKU",1.05,"0r0m8up7CjS8TJodH2HX7C","RELATED_TO"
"4jGpKAmwvU263l0tUh4xKU",1.09,"1FY8kqUQKHwjibwLbp5cey","RELATED_TO"
"1FY8kqUQKHwjibwLbp5cey",0.88,"7aY9PtsNws5AdwbdktfbaN","RELATED_TO"
"1FY8kqUQKHwjibwLbp5cey",0.92,"7Em4kWZ5atMYknHwSkp3gD","RELATED_TO"
"1FY8kqUQKHwjibwLbp5cey",0.93,"6MzHMxgYcbj6ue5w9pbNp9","RELATED_TO"
"1FY8kqUQKHwjibwLbp5cey",0.98,"0u2qG4roqULELVVO9fMgSG","RELATED_TO"
"1FY8kqUQKHwjibwLbp5cey",1.05,"5gTVJRQmuS88nOhhdHqErL","RELATED_TO"
"1FY8kqUQKHwjibwLbp5cey",0.9,"1f5QPXLfjlzlG77lCkdl0W","RELATED_TO"
"1FY8kqUQKHwjibwLbp5cey",0.97,"4mpJaw5y17CIN08qqe8EfB","RELATED_TO"
"1FY8kqUQKHwjibwLbp5cey",0.95,"0zmnkCTbAxYsZAMIqXEzfS","RELATED_TO"
"1FY8kqUQKHwjibwLbp5cey",0.84,"6pWibdpstk7c1dp0NVi9xJ","RELATED_TO"
"1FY8kqUQKHwjibwLbp5cey",1.08,"532SqCIYmJyXEdEiCJLgYG","RELATED_TO"
"1FY8kqUQKHwjibwLbp5cey",0.97,"3HghjRl8Mo6OJWG0WElY2z","RELATED_TO"
"1FY8kqUQKHwjibwLbp5cey",0.89,"7M7DUxK3f7hR03EwfwldZQ","RELATED_TO"
"1FY8kqUQKHwjibwLbp5cey",0.97,"5vdjF79d5d2m12FOkJhxHB","RELATED_TO"
"1FY8kqUQKHwjibwLbp5cey",0.89,"3xnDktxhudJR2Wv3HZDQ9W","RELATED_TO"
"1FY8kqUQKHwjibwLbp5cey",1.09,"4jGpKAmwvU263l0tUh4xKU","RELATED_TO"
"1FY8kqUQKHwjibwLbp5cey",1.08,"5Dyfxq0ZrFjjeFBdSNxDbo","RELATED_TO"
"1FY8kqUQKHwjibwLbp5cey",0.98,"17j0kFtqn9Fss3D916jSlp","RELATED_TO"
"1FY8kqUQKHwjibwLbp5cey",1.05,"5CkVLGKUJkIc1pmSk10QP4","RELATED_TO"
"1FY8kqUQKHwjibwLbp5cey",0.89,"2MNTXvxPuFuHRYSMN7EEFL","RELATED_TO"
"1FY8kqUQKHwjibwLbp5cey",1.02,"4nMIbZxtt1kWqUZ8VNKvjU","RELATED_TO"
"4jGpKAmwvU263l0tUh4xKU",1.12,"0iTjLBepeGaLgZS18kxgRq","RELATED_TO"
"4jGpKAmwvU263l0tUh4xKU",1.13,"5zovXI5By2gUhdr7EByjLa","RELATED_TO"
"4jGpKAmwvU263l0tUh4xKU",1.17,"2D9Oe8R9UhbMvFAsMJpXj0","RELATED_TO"
"4jGpKAmwvU263l0tUh4xKU",0.86,"7lWXLanCRGVkiZxWZFDM9u","RELATED_TO"
"7lWXLanCRGVkiZxWZFDM9u",0.52,"2BUDRaPyW8Q1iBgEwzNiAk","RELATED_TO"
"7lWXLanCRGVkiZxWZFDM9u",0.49,"1tEQJQE1PCcfNVpQlM6I0X","RELATED_TO"
"7lWXLanCRGVkiZxWZFDM9u",0.48,"4UiRPifoPfW3sozAElsHYe","RELATED_TO"
"7lWXLanCRGVkiZxWZFDM9u",0.57,"3jisZjR3TBVb9tIfTbRHTS","RELATED_TO"
"7lWXLanCRGVkiZxWZFDM9u",0.46,"2cE64RtSkS5CE0075eMMCt","RELATED_TO"
"7lWXLanCRGVkiZxWZFDM9u",0.52,"3quiO6Un8G55TpLqs3gRv8","RELATED_TO"
"7lWXLanCRGVkiZxWZFDM9u",0.54,"4erwZm1JybuSPTUg5Bu7nT","RELATED_TO"
"7lWXLanCRGVkiZxWZFDM9u",0.5,"0f4ne0cd4tbiZCLzpb1QoX","RELATED_TO"
"7lWXLanCRGVkiZxWZFDM9u",0.42,"2w2yKSYPjPrgwDeDRq7npS","RELATED_TO"
"7lWXLanCRGVkiZxWZFDM9u",0.59,"1JxLnEvBPdm9baryEFzE50","RELATED_TO"
"7lWXLanCRGVkiZxWZFDM9u",0.47,"2t9nXmwTyxsqEEpIdduEfj","RELATED_TO"
"7lWXLanCRGVkiZxWZFDM9u",0.56,"7umQgFrDu3yrchEbFfJd60","RELATED_TO"
"7lWXLanCRGVkiZxWZFDM9u",0.54,"5naKaYAyzzuPDsh4H2dwyT","RELATED_TO"
"7lWXLanCRGVkiZxWZFDM9u",0.54,"1CxlOLe7rJ6EO7aPMxi9Xx","RELATED_TO"
"7lWXLanCRGVkiZxWZFDM9u",0.49,"3mRdWhXS0ujP6WUjpOiHB1","RELATED_TO"
"7lWXLanCRGVkiZxWZFDM9u",0.64,"4iyqyvWXO734GUNLTTnrPQ","RELATED_TO"
"7lWXLanCRGVkiZxWZFDM9u",0.52,"6qavLbYvbSKWqwlz00CoBe","RELATED_TO"
"7lWXLanCRGVkiZxWZFDM9u",0.57,"0mMCjSZUnt7dQBzZdCd2ez","RELATED_TO"
"7lWXLanCRGVkiZxWZFDM9u",0.53,"52NOZYgYNsmv3nS0me6cqO","RELATED_TO"
"7lWXLanCRGVkiZxWZFDM9u",0.37,"4J40QxeLUmTv8D2gwXLKMV","RELATED_TO"
"4jGpKAmwvU263l0tUh4xKU",1.05,"5OvpF1A65DXs93M9NfPIjT","RELATED_TO"
"5OvpF1A65DXs93M9NfPIjT",0.94,"5muFO8VqYRCRW13EkvX564","RELATED_TO"
"5OvpF1A65DXs93M9NfPIjT",0.88,"5XFQLyJekhzCO7PiTqboOB","RELATED_TO"
"5OvpF1A65DXs93M9NfPIjT",0.98,"2nq2BeSbzExGAv3Y4HgUf7","RELATED_TO"
"5OvpF1A65DXs93M9NfPIjT",0.99,"6Th7POyVfZgiHJQ64ddV5Y","RELATED_TO"
"5OvpF1A65DXs93M9NfPIjT",0.93,"04jj7dljPI0ixtNsz2pXWK","RELATED_TO"
"5OvpF1A65DXs93M9NfPIjT",0.9,"623ecFS6T9xsx9Rb98eii5","RELATED_TO"
"5OvpF1A65DXs93M9NfPIjT",0.96,"3bqBkAzdPwEDe1JUvb7ZeC","RELATED_TO"
"5OvpF1A65DXs93M9NfPIjT",0.99,"1LXTXZjheh25pXMEUT9iC1","RELATED_TO"
"5OvpF1A65DXs93M9NfPIjT",0.94,"0r0m8up7CjS8TJodH2HX7C","RELATED_TO"
"5OvpF1A65DXs93M9NfPIjT",0.99,"4lu50np3LdTkRL09T7x8UP","RELATED_TO"
"5OvpF1A65DXs93M9NfPIjT",0.88,"6Jbyd4qzEtbFtswZP1o6Ht","RELATED_TO"
"5OvpF1A65DXs93M9NfPIjT",0.88,"11aPF3sc8lDWNqPVInm4Zx","RELATED_TO"
"5OvpF1A65DXs93M9NfPIjT",0.95,"44zcDDVZOY0ck7KECNUPK1","RELATED_TO"
"5OvpF1A65DXs93M9NfPIjT",0.93,"48LWLoeY0dhwaiX1FRsn72","RELATED_TO"
"5OvpF1A65DXs93M9NfPIjT",0.91,"5kLzaeSHrmS7okc5XNE6lv","RELATED_TO"
"5OvpF1A65DXs93M9NfPIjT",0.86,"3vy8oQAubj1IykJLLqvVFC","RELATED_TO"
"5OvpF1A65DXs93M9NfPIjT",0.97,"1iZiG82D4w7FLHvOUUj4zW","RELATED_TO"
"5OvpF1A65DXs93M9NfPIjT",1.01,"1UL813H5aj3e8ekE5RqWqc","RELATED_TO"
"5OvpF1A65DXs93M9NfPIjT",1.02,"3TXQ1ddouwQAI78hV4hXDj","RELATED_TO"
"5OvpF1A65DXs93M9NfPIjT",0.92,"6qdVbTc8Uvy0VJyDZbYTd8","RELATED_TO"
"4jGpKAmwvU263l0tUh4xKU",1.19,"1WjBIvYAnZTkTh5UiZNwlR","RELATED_TO"
"4jGpKAmwvU263l0tUh4xKU",1.15,"532SqCIYmJyXEdEiCJLgYG","RELATED_TO"
"4jGpKAmwvU263l0tUh4xKU",1.08,"1iZiG82D4w7FLHvOUUj4zW","RELATED_TO"
"4jGpKAmwvU263l0tUh4xKU",1.1,"5Hini2nQyoglzpdKe41cZt","RELATED_TO"
"5Hini2nQyoglzpdKe41cZt",0.97,"2jop7P9uKGHVtQAv59lDxT","RELATED_TO"
"5Hini2nQyoglzpdKe41cZt",0.89,"2UzAShzs3DO53bSZqvf8Ri","RELATED_TO"
"5Hini2nQyoglzpdKe41cZt",0.98,"7KkV7dFoGEXr4M3fpb1FgD","RELATED_TO"
"5Hini2nQyoglzpdKe41cZt",0.94,"2OpUrUeIF1sqWHwSbMPNkB","RELATED_TO"
"5Hini2nQyoglzpdKe41cZt",0.98,"04jj7dljPI0ixtNsz2pXWK","RELATED_TO"
"5Hini2nQyoglzpdKe41cZt",0.99,"7mC3RkNNTV6p2j9w4F8Ip4","RELATED_TO"
"5Hini2nQyoglzpdKe41cZt",0.94,"3C046bLxNmvBQyaucinAhf","RELATED_TO"
"5Hini2nQyoglzpdKe41cZt",1.06,"40JyDxGqtYSowWYT2jaive","RELATED_TO"
"5Hini2nQyoglzpdKe41cZt",1.04,"1btv9qmIpbp7q1ixCYNdHu","RELATED_TO"
"5Hini2nQyoglzpdKe41cZt",0.99,"5BFl4h5TXYSSJsCteTX3s1","RELATED_TO"
"5Hini2nQyoglzpdKe41cZt",1.02,"59a1Bp0JQfL2mGnpL0lW2Y","RELATED_TO"
"5Hini2nQyoglzpdKe41cZt",0.99,"3wkaDi2HJV3eCaBJ4iH6om","RELATED_TO"
"5Hini2nQyoglzpdKe41cZt",1.01,"1u7DsNFbakULvxnDGtMm90","RELATED_TO"
"5Hini2nQyoglzpdKe41cZt",1.1,"1lJhME1ZpzsEa5M0wW6Mso","RELATED_TO"
"5Hini2nQyoglzpdKe41cZt",1.0,"6JGLndnzrQrIFkd8NFha3C","RELATED_TO"
"5Hini2nQyoglzpdKe41cZt",0.97,"6OQOvP7RAdmAKVXXQqD0Se","RELATED_TO"
"5Hini2nQyoglzpdKe41cZt",0.9,"6rxmj7vNEofe96g84qMWoV","RELATED_TO"
"5Hini2nQyoglzpdKe41cZt",0.98,"0NBGssQpgDczTsVEp4pCbR","RELATED_TO"
"5Hini2nQyoglzpdKe41cZt",0.96,"3bVYqr2NfmwmL4YJisWhJI","RELATED_TO"
"5Hini2nQyoglzpdKe41cZt",0.94,"0Z2EpubIhxnq4B6PV0I8n3","RELATED_TO"
"2D9Oe8R9UhbMvFAsMJpXj0",1.09,"1iZiG82D4w7FLHvOUUj4zW","RELATED_TO"
"2D9Oe8R9UhbMvFAsMJpXj0",1.15,"64fjAjykuM8Oc3Bqup4g72","RELATED_TO"
"2D9Oe8R9UhbMvFAsMJpXj0",1.2,"1WjBIvYAnZTkTh5UiZNwlR","RELATED_TO"
"2D9Oe8R9UhbMvFAsMJpXj0",1.1,"2nq2BeSbzExGAv3Y4HgUf7","RELATED_TO"
"2D9Oe8R9UhbMvFAsMJpXj0",1.11,"6Th7POyVfZgiHJQ64ddV5Y","RELATED_TO"
"2D9Oe8R9UhbMvFAsMJpXj0",1.17,"7ry8L53T4oJtSIogGYuioq","RELATED_TO"
"2D9Oe8R9UhbMvFAsMJpXj0",1.07,"44zcDDVZOY0ck7KECNUPK1","RELATED_TO"
"3MyFDtqB80WZvbtCZRsekM",1.18,"3HRRzIZNQFus3xlUx2xKy1","RELATED_TO"
"3MyFDtqB80WZvbtCZRsekM",1.38,"61ipISvUVa5LkJlKZnm3Oo","RELATED_TO"
"3MyFDtqB80WZvbtCZRsekM",1.46,"20gsENnposVs2I4rQ5kvrf","RELATED_TO"
"3MyFDtqB80WZvbtCZRsekM",1.23,"12rBrcOPP50qIan8ew4iTP","RELATED_TO"
"3MyFDtqB80WZvbtCZRsekM",1.43,"4AKwRarlmsUlLjIwt38NLw","RELATED_TO"
"041iTeoMIwXMlShuQPIVKo",1.21,"5zovXI5By2gUhdr7EByjLa","RELATED_TO"
"041iTeoMIwXMlShuQPIVKo",1.24,"5wMlMjOLeJfS5DfxqGfm83","RELATED_TO"
"041iTeoMIwXMlShuQPIVKo",1.26,"08Ut1tYxtmgIInVyQqohkM","RELATED_TO"
"041iTeoMIwXMlShuQPIVKo",1.22,"64fjAjykuM8Oc3Bqup4g72","RELATED_TO"
"041iTeoMIwXMlShuQPIVKo",1.2,"0iTjLBepeGaLgZS18kxgRq","RELATED_TO"
"041iTeoMIwXMlShuQPIVKo",1.27,"1WjBIvYAnZTkTh5UiZNwlR","RELATED_TO"
"041iTeoMIwXMlShuQPIVKo",1.17,"3HRRzIZNQFus3xlUx2xKy1","RELATED_TO"
"041iTeoMIwXMlShuQPIVKo",1.26,"01e2lCvLZ4fLUIRy68nptH","RELATED_TO"
"01e2lCvLZ4fLUIRy68nptH",1.26,"041iTeoMIwXMlShuQPIVKo","RELATED_TO"
"01e2lCvLZ4fLUIRy68nptH",1.15,"5zovXI5By2gUhdr7EByjLa","RELATED_TO"
"01e2lCvLZ4fLUIRy68nptH",1.11,"6XJeFzmI6vrWyHcdB7EImP","RELATED_TO"
"01e2lCvLZ4fLUIRy68nptH",1.31,"61ipISvUVa5LkJlKZnm3Oo","RELATED_TO"
"01e2lCvLZ4fLUIRy68nptH",1.2,"08Ut1tYxtmgIInVyQqohkM","RELATED_TO"
"01e2lCvLZ4fLUIRy68nptH",1.16,"64fjAjykuM8Oc3Bqup4g72","RELATED_TO"
"01e2lCvLZ4fLUIRy68nptH",1.14,"0iTjLBepeGaLgZS18kxgRq","RELATED_TO"
"01e2lCvLZ4fLUIRy68nptH",1.18,"5wMlMjOLeJfS5DfxqGfm83","RELATED_TO"
"01e2lCvLZ4fLUIRy68nptH",1.27,"3MyFDtqB80WZvbtCZRsekM","RELATED_TO"
"01e2lCvLZ4fLUIRy68nptH",1.07,"70s3JhU9Ai0cIowagibjNI","RELATED_TO"
"01e2lCvLZ4fLUIRy68nptH",1.13,"2XBuvmyzhH85j6sqv1fV3l","RELATED_TO"
"01e2lCvLZ4fLUIRy68nptH",1.14,"32wcuqRxZuBY5HbH1bWa8h","RELATED_TO"
"01e2lCvLZ4fLUIRy68nptH",1.08,"4N6XVXvfjBPNFCdS56TCea","RELATED_TO"
"01e2lCvLZ4fLUIRy68nptH",1.07,"2vDXLZ9mI3CdTPPIzFUKlY","RELATED_TO"
"01e2lCvLZ4fLUIRy68nptH",1.05,"38jpuy3yt3QIxQ8Fn1HTeJ","RELATED_TO"
"38jpuy3yt3QIxQ8Fn1HTeJ",0.98,"2XBuvmyzhH85j6sqv1fV3l","RELATED_TO"
"38jpuy3yt3QIxQ8Fn1HTeJ",0.98,"44T94QQEc60Jf7kqGY6Rip","RELATED_TO"
"44T94QQEc60Jf7kqGY6Rip",1.02,"4aKZ8rfdsQeR7YSskFu9V3","RELATED_TO"
"4aKZ8rfdsQeR7YSskFu9V3",1.02,"44T94QQEc60Jf7kqGY6Rip","RELATED_TO"
"4aKZ8rfdsQeR7YSskFu9V3",1.04,"3TXQ1ddouwQAI78hV4hXDj","RELATED_TO"
"4aKZ8rfdsQeR7YSskFu9V3",0.94,"4uZJDUKi3NXQsuMKP3rOeC","RELATED_TO"
"4aKZ8rfdsQeR7YSskFu9V3",1.06,"4admDxmnri5Zco0xYrJ0ji","RELATED_TO"
"4aKZ8rfdsQeR7YSskFu9V3",0.81,"7Gsu15RkjjdKhMecdRpk9x","RELATED_TO"
"4aKZ8rfdsQeR7YSskFu9V3",0.82,"1ac5NUFh98sMs0DGX4xlSt","RELATED_TO"
"4aKZ8rfdsQeR7YSskFu9V3",1.06,"6TshTCYwh9ySzOO6Jy4Ux2","RELATED_TO"
"4aKZ8rfdsQeR7YSskFu9V3",0.95,"0c8mm66bWaIlx5jdUhyYne","RELATED_TO"
"4aKZ8rfdsQeR7YSskFu9V3",1.06,"1tRBmMtER4fGrzrt8O9VpS","RELATED_TO"
"4aKZ8rfdsQeR7YSskFu9V3",0.89,"0PEfTatx7R08s3nFrn9teD","RELATED_TO"
"4aKZ8rfdsQeR7YSskFu9V3",0.96,"4UW65n6QZ8YmanLPuUXVui","RELATED_TO"
"4aKZ8rfdsQeR7YSskFu9V3",0.93,"6fJvW51nWhRImJyos6O7sT","RELATED_TO"
"4aKZ8rfdsQeR7YSskFu9V3",0.91,"3Ckt7DNBcLi93B2LGyKYzy","RELATED_TO"
"4aKZ8rfdsQeR7YSskFu9V3",0.88,"5D23i7SCIXNP6GRHte99Md","RELATED_TO"
"4aKZ8rfdsQeR7YSskFu9V3",1.05,"6jOz2B9qeID4dLP1o8bFGf","RELATED_TO"
"4aKZ8rfdsQeR7YSskFu9V3",0.83,"4aS7S2ESEryZfhTWcSgLXk","RELATED_TO"
"4aKZ8rfdsQeR7YSskFu9V3",1.06,"75nC6MXUalYZSOd7OfNkwq","RELATED_TO"
"4aKZ8rfdsQeR7YSskFu9V3",0.94,"38jpuy3yt3QIxQ8Fn1HTeJ","RELATED_TO"
"4aKZ8rfdsQeR7YSskFu9V3",1.01,"2JnkjHtuUjz83gkEx8QMS4","RELATED_TO"
"4aKZ8rfdsQeR7YSskFu9V3",0.8,"1Zwt7HXzjxAHMfrNhwUuSm","RELATED_TO"
"44T94QQEc60Jf7kqGY6Rip",0.97,"6fJvW51nWhRImJyos6O7sT","RELATED_TO"
"44T94QQEc60Jf7kqGY6Rip",0.98,"4uZJDUKi3NXQsuMKP3rOeC","RELATED_TO"
"44T94QQEc60Jf7kqGY6Rip",1.1,"4admDxmnri5Zco0xYrJ0ji","RELATED_TO"
"44T94QQEc60Jf7kqGY6Rip",1.08,"3TXQ1ddouwQAI78hV4hXDj","RELATED_TO"
"44T94QQEc60Jf7kqGY6Rip",0.97,"5H2Ir5oA547rZrma8ZXFs5","RELATED_TO"
"5H2Ir5oA547rZrma8ZXFs5",0.77,"1ac5NUFh98sMs0DGX4xlSt","RELATED_TO"
"5H2Ir5oA547rZrma8ZXFs5",0.89,"0j4dGWeyGGE4GvrAzdZIZ5","RELATED_TO"
"5H2Ir5oA547rZrma8ZXFs5",0.74,"4OHSon9N7JAfxkjlH8nKDb","RELATED_TO"
"5H2Ir5oA547rZrma8ZXFs5",1.01,"1tRBmMtER4fGrzrt8O9VpS","RELATED_TO"
"5H2Ir5oA547rZrma8ZXFs5",0.74,"5P5SpM7u8xeNc2pj6ncxXy","RELATED_TO"
"5H2Ir5oA547rZrma8ZXFs5",0.88,"6fJvW51nWhRImJyos6O7sT","RELATED_TO"
"5H2Ir5oA547rZrma8ZXFs5",0.87,"0J6ZEXmLQfZMeHBoa4JZTH","RELATED_TO"
"5H2Ir5oA547rZrma8ZXFs5",0.97,"44T94QQEc60Jf7kqGY6Rip","RELATED_TO"
"5H2Ir5oA547rZrma8ZXFs5",0.74,"690s28S2ybWXTI9IdX86mO","RELATED_TO"
"5H2Ir5oA547rZrma8ZXFs5",0.89,"38jpuy3yt3QIxQ8Fn1HTeJ","RELATED_TO"
"5H2Ir5oA547rZrma8ZXFs5",0.87,"6PDUdAoMV9dMy0wOt09Rsf","RELATED_TO"
"5H2Ir5oA547rZrma8ZXFs5",0.94,"0EAlTKO2HfATH766bVH1rX","RELATED_TO"
"5H2Ir5oA547rZrma8ZXFs5",0.97,"4cvdQRyHmkSQSakUrW2oxv","RELATED_TO"
"5H2Ir5oA547rZrma8ZXFs5",0.95,"4E0HD2PMY8kQJIjlShrLUS","RELATED_TO"
"5H2Ir5oA547rZrma8ZXFs5",0.75,"2IwfvuKftX9D7CFF4qCTM8","RELATED_TO"
"5H2Ir5oA547rZrma8ZXFs5",0.94,"4W991QdgKWX4TO864ypInA","RELATED_TO"
"5H2Ir5oA547rZrma8ZXFs5",0.96,"27mWOSZjlpmtoqsRjRwQyu","RELATED_TO"
"5H2Ir5oA547rZrma8ZXFs5",0.81,"3Uvzk4iffO4mvchgRNJjbs","RELATED_TO"
"5H2Ir5oA547rZrma8ZXFs5",1.01,"4admDxmnri5Zco0xYrJ0ji","RELATED_TO"
"5H2Ir5oA547rZrma8ZXFs5",0.8,"7GwCNTWgIGOdOX5vXRsht4","RELATED_TO"
"44T94QQEc60Jf7kqGY6Rip",0.98,"38jpuy3yt3QIxQ8Fn1HTeJ","RELATED_TO"
"44T94QQEc60Jf7kqGY6Rip",1.1,"1tRBmMtER4fGrzrt8O9VpS","RELATED_TO"
"44T94QQEc60Jf7kqGY6Rip",0.85,"7Gsu15RkjjdKhMecdRpk9x","RELATED_TO"
"44T94QQEc60Jf7kqGY6Rip",0.86,"1ac5NUFh98sMs0DGX4xlSt","RELATED_TO"
"44T94QQEc60Jf7kqGY6Rip",0.96,"6PDUdAoMV9dMy0wOt09Rsf","RELATED_TO"
"44T94QQEc60Jf7kqGY6Rip",0.87,"4aS7S2ESEryZfhTWcSgLXk","RELATED_TO"
"44T94QQEc60Jf7kqGY6Rip",1.01,"5k5eiijuHxrGwXp2Pz37GZ","RELATED_TO"
"5k5eiijuHxrGwXp2Pz37GZ",0.87,"21j2G9IPn9QLHII7faCOsw","RELATED_TO"
"5k5eiijuHxrGwXp2Pz37GZ",0.77,"5zheoDzRTIhWzE1j1DttZf","RELATED_TO"
"5k5eiijuHxrGwXp2Pz37GZ",0.96,"1lAwVq9MxNJkB0dEY6xNoV","RELATED_TO"
"5k5eiijuHxrGwXp2Pz37GZ",1.01,"44T94QQEc60Jf7kqGY6Rip","RELATED_TO"
"5k5eiijuHxrGwXp2Pz37GZ",0.94,"4FN8WHqUbwkd97WEjoCu7B","RELATED_TO"
"5k5eiijuHxrGwXp2Pz37GZ",0.72,"1kK55jT4F39yCsQBOjcDgj","RELATED_TO"
"5k5eiijuHxrGwXp2Pz37GZ",0.78,"7h9yW5sJS4vddfJ8nBSpxP","RELATED_TO"
"5k5eiijuHxrGwXp2Pz37GZ",0.89,"4vOWtH59x00IhY805tdf74","RELATED_TO"
"5k5eiijuHxrGwXp2Pz37GZ",0.94,"0c8mm66bWaIlx5jdUhyYne","RELATED_TO"
"5k5eiijuHxrGwXp2Pz37GZ",0.94,"7Hr9bE0u9Rl5n6QahVNRnc","RELATED_TO"
"5k5eiijuHxrGwXp2Pz37GZ",0.88,"4q0N3EI67tVnAeeaXbNQIj","RELATED_TO"
"5k5eiijuHxrGwXp2Pz37GZ",1.05,"1tRBmMtER4fGrzrt8O9VpS","RELATED_TO"
"5k5eiijuHxrGwXp2Pz37GZ",1.0,"7LJSAfWhO7jhjnewy6pKyZ","RELATED_TO"
"5k5eiijuHxrGwXp2Pz37GZ",0.96,"5CYAFhywQTXdZmppCp0ukd","RELATED_TO"
"5k5eiijuHxrGwXp2Pz37GZ",0.94,"5tYqFEuFELxnJZgGmmsfSh","RELATED_TO"
"5k5eiijuHxrGwXp2Pz37GZ",0.8,"3PYRXP25JcbqhvNaJYcnWy","RELATED_TO"
"5k5eiijuHxrGwXp2Pz37GZ",0.99,"1OmOdgwIzub8DYPxQYbbbi","RELATED_TO"
"5k5eiijuHxrGwXp2Pz37GZ",0.93,"38jpuy3yt3QIxQ8Fn1HTeJ","RELATED_TO"
"5k5eiijuHxrGwXp2Pz37GZ",0.92,"6fJvW51nWhRImJyos6O7sT","RELATED_TO"
"5k5eiijuHxrGwXp2Pz37GZ",1.04,"2GVtgxcx7jg5xVCZsIHSGN","RELATED_TO"
"44T94QQEc60Jf7kqGY6Rip",0.99,"4FN8WHqUbwkd97WEjoCu7B","RELATED_TO"
"44T94QQEc60Jf7kqGY6Rip",1.03,"0EAlTKO2HfATH766bVH1rX","RELATED_TO"
"44T94QQEc60Jf7kqGY6Rip",1.03,"4W991QdgKWX4TO864ypInA","RELATED_TO"
"44T94QQEc60Jf7kqGY6Rip",1.01,"1lAwVq9MxNJkB0dEY6xNoV","RELATED_TO"
"44T94QQEc60Jf7kqGY6Rip",1.13,"3ky8xBRraNNzxzXEw6Ga0c","RELATED_TO"
"3ky8xBRraNNzxzXEw6Ga0c",0.91,"7mJYO2qwtt4sUj2JJLO58V","RELATED_TO"
"3ky8xBRraNNzxzXEw6Ga0c",1.13,"44T94QQEc60Jf7kqGY6Rip","RELATED_TO"
"3ky8xBRraNNzxzXEw6Ga0c",1.29,"39B7ChWwrWDs7zXlsu3MoP","RELATED_TO"
"3ky8xBRraNNzxzXEw6Ga0c",1.12,"7eYXtOjJGhrM16cK2hRmnR","RELATED_TO"
"3ky8xBRraNNzxzXEw6Ga0c",1.17,"75nC6MXUalYZSOd7OfNkwq","RELATED_TO"
"3ky8xBRraNNzxzXEw6Ga0c",1.12,"1bJJlRHoc1UVeqzxcrPLIw","RELATED_TO"
"3ky8xBRraNNzxzXEw6Ga0c",0.83,"2IuegvTxG5ryGxsce4U1aA","RELATED_TO"
"3ky8xBRraNNzxzXEw6Ga0c",1.17,"1Zz6NBe8UIZjm88TvehFtx","RELATED_TO"
"3ky8xBRraNNzxzXEw6Ga0c",1.27,"5EehXjjMktLuJmbRsM7YfB","RELATED_TO"
"3ky8xBRraNNzxzXEw6Ga0c",1.24,"7kNqXtgeIwFtelmRjWv205","RELATED_TO"
"3ky8xBRraNNzxzXEw6Ga0c",1.11,"1OmOdgwIzub8DYPxQYbbbi","RELATED_TO"
"3ky8xBRraNNzxzXEw6Ga0c",1.17,"0bUZrFj7rstq07E4iAJHgZ","RELATED_TO"
"3ky8xBRraNNzxzXEw6Ga0c",1.24,"5ITI6SEoUZMIXXkzCfr4oE","RELATED_TO"
"3ky8xBRraNNzxzXEw6Ga0c",1.15,"1ChtRJ3f4rbv4vtz87i6CD","RELATED_TO"
"3ky8xBRraNNzxzXEw6Ga0c",1.14,"3IG3Ub4ra8AuSxCFDVkVco","RELATED_TO"
"3ky8xBRraNNzxzXEw6Ga0c",1.16,"052B9SONfhoScw7dgYWw5o","RELATED_TO"
"3ky8xBRraNNzxzXEw6Ga0c",1.15,"4bazJLWIv8CuqmgxJRiGqo","RELATED_TO"
"3ky8xBRraNNzxzXEw6Ga0c",1.14,"5CkVLGKUJkIc1pmSk10QP4","RELATED_TO"
"3ky8xBRraNNzxzXEw6Ga0c",1.18,"5lVNSw2GPci8kebrAQpZqU","RELATED_TO"
"3ky8xBRraNNzxzXEw6Ga0c",1.12,"2E1NFr5AeEGUJkLUUsWCAO","RELATED_TO"
"44T94QQEc60Jf7kqGY6Rip",1.05,"7eYXtOjJGhrM16cK2hRmnR","RELATED_TO"
"44T94QQEc60Jf7kqGY6Rip",1.11,"5lVNSw2GPci8kebrAQpZqU","RELATED_TO"
"38jpuy3yt3QIxQ8Fn1HTeJ",1.02,"1tRBmMtER4fGrzrt8O9VpS","RELATED_TO"
"38jpuy3yt3QIxQ8Fn1HTeJ",0.89,"6fJvW51nWhRImJyos6O7sT","RELATED_TO"
"38jpuy3yt3QIxQ8Fn1HTeJ",0.89,"5H2Ir5oA547rZrma8ZXFs5","RELATED_TO"
"38jpuy3yt3QIxQ8Fn1HTeJ",0.95,"0EAlTKO2HfATH766bVH1rX","RELATED_TO"
"38jpuy3yt3QIxQ8Fn1HTeJ",0.93,"4FJPplt1JOVw8Q7NiwFmLv","RELATED_TO"
"4FJPplt1JOVw8Q7NiwFmLv",1.05,"2ew9JvyyuOGkhahuwdovDq","RELATED_TO"
"2ew9JvyyuOGkhahuwdovDq",1.18,"0FBRY66KVaAiddGVefikLB","RELATED_TO"
"2ew9JvyyuOGkhahuwdovDq",1.18,"1dgdvbogmctybPrGEcnYf6","RELATED_TO"
"2ew9JvyyuOGkhahuwdovDq",1.08,"05z4P0nQO00HG5WeErugd0","RELATED_TO"
"2ew9JvyyuOGkhahuwdovDq",1.07,"6n5ccknvteaKfN4WA2qf3C","RELATED_TO"
"2ew9JvyyuOGkhahuwdovDq",1.05,"4FJPplt1JOVw8Q7NiwFmLv","RELATED_TO"
"2ew9JvyyuOGkhahuwdovDq",1.24,"5EehXjjMktLuJmbRsM7YfB","RELATED_TO"
"2ew9JvyyuOGkhahuwdovDq",1.14,"5OImcY3khBn9UFjzgaapob","RELATED_TO"
"2ew9JvyyuOGkhahuwdovDq",1.16,"0nJcDqY6ox4kHB92AuRA8j","RELATED_TO"
"2ew9JvyyuOGkhahuwdovDq",1.1,"7yRimuQSC5Ks3T2Ts0iyZa","RELATED_TO"
"2ew9JvyyuOGkhahuwdovDq",1.12,"0Q9slhIaEgg190iG8udYIV","RELATED_TO"
"2ew9JvyyuOGkhahuwdovDq",1.07,"0ZwQMCRqfyh1OGQkBh9Cnj","RELATED_TO"
"2ew9JvyyuOGkhahuwdovDq",1.16,"0oO1IaDOBSeI96HbnCa5pZ","RELATED_TO"
"2ew9JvyyuOGkhahuwdovDq",1.19,"26OrZl5U3VNGHU9qUj8EcM","RELATED_TO"
"2ew9JvyyuOGkhahuwdovDq",1.09,"2E1NFr5AeEGUJkLUUsWCAO","RELATED_TO"
"2ew9JvyyuOGkhahuwdovDq",1.03,"2D51qkOmTNsNQj3C4LIvH7","RELATED_TO"
"2ew9JvyyuOGkhahuwdovDq",1.06,"16KSSLMXOdKQ2MHt9bOHTG","RELATED_TO"
"2ew9JvyyuOGkhahuwdovDq",1.15,"5lVNSw2GPci8kebrAQpZqU","RELATED_TO"
"2ew9JvyyuOGkhahuwdovDq",1.06,"7sK4hnuUOXw6VStDw0q8NI","RELATED_TO"
"2ew9JvyyuOGkhahuwdovDq",1.11,"3IG3Ub4ra8AuSxCFDVkVco","RELATED_TO"
"2ew9JvyyuOGkhahuwdovDq",1.16,"3cnAJv9gydgm52KFIsdvO8","RELATED_TO"
"4FJPplt1JOVw8Q7NiwFmLv",0.98,"6n5ccknvteaKfN4WA2qf3C","RELATED_TO"
"4FJPplt1JOVw8Q7NiwFmLv",1.09,"0FBRY66KVaAiddGVefikLB","RELATED_TO"
"4FJPplt1JOVw8Q7NiwFmLv",0.99,"05z4P0nQO00HG5WeErugd0","RELATED_TO"
"4FJPplt1JOVw8Q7NiwFmLv",1.01,"7yRimuQSC5Ks3T2Ts0iyZa","RELATED_TO"
"4FJPplt1JOVw8Q7NiwFmLv",1.05,"5OImcY3khBn9UFjzgaapob","RELATED_TO"
"4FJPplt1JOVw8Q7NiwFmLv",0.85,"5eALE6GKSAiBNMyqpsqoeX","RELATED_TO"
"5eALE6GKSAiBNMyqpsqoeX",0.85,"4FJPplt1JOVw8Q7NiwFmLv","RELATED_TO"
"5eALE6GKSAiBNMyqpsqoeX",0.87,"6n5ccknvteaKfN4WA2qf3C","RELATED_TO"
"5eALE6GKSAiBNMyqpsqoeX",0.88,"05z4P0nQO00HG5WeErugd0","RELATED_TO"
"5eALE6GKSAiBNMyqpsqoeX",0.98,"0FBRY66KVaAiddGVefikLB","RELATED_TO"
"5eALE6GKSAiBNMyqpsqoeX",0.94,"2ew9JvyyuOGkhahuwdovDq","RELATED_TO"
"5eALE6GKSAiBNMyqpsqoeX",0.86,"7sK4hnuUOXw6VStDw0q8NI","RELATED_TO"
"5eALE6GKSAiBNMyqpsqoeX",0.87,"0ZwQMCRqfyh1OGQkBh9Cnj","RELATED_TO"
"5eALE6GKSAiBNMyqpsqoeX",0.94,"5OImcY3khBn9UFjzgaapob","RELATED_TO"
"5eALE6GKSAiBNMyqpsqoeX",0.83,"2D51qkOmTNsNQj3C4LIvH7","RELATED_TO"
"5eALE6GKSAiBNMyqpsqoeX",0.8,"49qOEODA3n8HiVUY4uwJbU","RELATED_TO"
"5eALE6GKSAiBNMyqpsqoeX",0.9,"0s122QsNac4WSqoVsFD60m","RELATED_TO"
"5eALE6GKSAiBNMyqpsqoeX",0.69,"2An2rcMqBw43CIZbmeesnd","RELATED_TO"
"5eALE6GKSAiBNMyqpsqoeX",0.74,"3sv9dCyzqOsGcJHPl5seiq","RELATED_TO"
"5eALE6GKSAiBNMyqpsqoeX",0.43,"2HBYMapyG2od8opXNiuXsH","RELATED_TO"
"5eALE6GKSAiBNMyqpsqoeX",0.82,"38jpuy3yt3QIxQ8Fn1HTeJ","RELATED_TO"
"5eALE6GKSAiBNMyqpsqoeX",0.54,"5n0AvUDa25XR3AYRvocSaT","RELATED_TO"
"5eALE6GKSAiBNMyqpsqoeX",0.5,"5OSGVwGSz0IjIkhRUVUdTT","RELATED_TO"
"5eALE6GKSAiBNMyqpsqoeX",0.45,"18Z8yU9ucsWRs9nscbIakV","RELATED_TO"
"5eALE6GKSAiBNMyqpsqoeX",0.86,"16KSSLMXOdKQ2MHt9bOHTG","RELATED_TO"
"5eALE6GKSAiBNMyqpsqoeX",0.78,"4vOWtH59x00IhY805tdf74","RELATED_TO"
"4FJPplt1JOVw8Q7NiwFmLv",1.07,"0oO1IaDOBSeI96HbnCa5pZ","RELATED_TO"
"4FJPplt1JOVw8Q7NiwFmLv",1.0,"2E1NFr5AeEGUJkLUUsWCAO","RELATED_TO"
"4FJPplt1JOVw8Q7NiwFmLv",0.97,"7sK4hnuUOXw6VStDw0q8NI","RELATED_TO"
"4FJPplt1JOVw8Q7NiwFmLv",0.89,"4vOWtH59x00IhY805tdf74","RELATED_TO"
"4FJPplt1JOVw8Q7NiwFmLv",1.09,"1dgdvbogmctybPrGEcnYf6","RELATED_TO"
"4FJPplt1JOVw8Q7NiwFmLv",0.93,"38jpuy3yt3QIxQ8Fn1HTeJ","RELATED_TO"
"4FJPplt1JOVw8Q7NiwFmLv",1.06,"5lVNSw2GPci8kebrAQpZqU","RELATED_TO"
"4FJPplt1JOVw8Q7NiwFmLv",1.15,"5EehXjjMktLuJmbRsM7YfB","RELATED_TO"
"4FJPplt1JOVw8Q7NiwFmLv",0.96,"04L4Y7Hkc1fULKhFbTnSSs","RELATED_TO"
"04L4Y7Hkc1fULKhFbTnSSs",0.94,"6eChRUoyiCUCrUbwbT9Jq3","RELATED_TO"
"04L4Y7Hkc1fULKhFbTnSSs",1.03,"5kA0fIY29Fnfu4U2I2xvki","RELATED_TO"
"04L4Y7Hkc1fULKhFbTnSSs",0.91,"37eRNhw77Tm4Ois5CezSvY","RELATED_TO"
"04L4Y7Hkc1fULKhFbTnSSs",0.99,"0MGTHZpAGf7isSfw8yMIoi","RELATED_TO"
"04L4Y7Hkc1fULKhFbTnSSs",0.86,"2f6jGbE8VU74rb5AQtOdFz","RELATED_TO"
"04L4Y7Hkc1fULKhFbTnSSs",0.79,"1QcNpVT6u0dHxmjpZoJtHd","RELATED_TO"
"04L4Y7Hkc1fULKhFbTnSSs",1.04,"60FV7KyxIH9FH1uq7u8inP","RELATED_TO"
"04L4Y7Hkc1fULKhFbTnSSs",0.95,"36AJmodiIrwV9U3QOiLMYM","RELATED_TO"
"04L4Y7Hkc1fULKhFbTnSSs",0.98,"6n5ccknvteaKfN4WA2qf3C","RELATED_TO"
"04L4Y7Hkc1fULKhFbTnSSs",0.96,"2b8d0BREA7r3nbVhD649yX","RELATED_TO"
"04L4Y7Hkc1fULKhFbTnSSs",0.94,"5jO3o2nsu0GTQBc8Lgcna7","RELATED_TO"
"04L4Y7Hkc1fULKhFbTnSSs",1.03,"3dE92yGWcrboP1kC5SWyqu","RELATED_TO"
"04L4Y7Hkc1fULKhFbTnSSs",0.97,"0vSfjPjAbekoehCpmy1RV1","RELATED_TO"
"04L4Y7Hkc1fULKhFbTnSSs",0.96,"4FJPplt1JOVw8Q7NiwFmLv","RELATED_TO"
"04L4Y7Hkc1fULKhFbTnSSs",0.91,"49qOEODA3n8HiVUY4uwJbU","RELATED_TO"
"04L4Y7Hkc1fULKhFbTnSSs",0.86,"7AhOEwT7t9lSIypvP1WTGP","RELATED_TO"
"04L4Y7Hkc1fULKhFbTnSSs",0.95,"159cwGtgCzNpyHWY6tzihH","RELATED_TO"
"04L4Y7Hkc1fULKhFbTnSSs",1.06,"3h11MHQeCrcsUgRRijI1zL","RELATED_TO"
"04L4Y7Hkc1fULKhFbTnSSs",0.85,"3sv9dCyzqOsGcJHPl5seiq","RELATED_TO"
"04L4Y7Hkc1fULKhFbTnSSs",0.97,"55UOywvWbUD9c6C3NSGdft","RELATED_TO"
"4FJPplt1JOVw8Q7NiwFmLv",1.06,"3h11MHQeCrcsUgRRijI1zL","RELATED_TO"
"4FJPplt1JOVw8Q7NiwFmLv",0.91,"14MtanGZe4G1fzC8raLFUK","RELATED_TO"
"14MtanGZe4G1fzC8raLFUK",0.5,"6Mnu4siugmdHZ1YBIUVY7u","RELATED_TO"
"14MtanGZe4G1fzC8raLFUK",0.93,"6n5ccknvteaKfN4WA2qf3C","RELATED_TO"
"14MtanGZe4G1fzC8raLFUK",1.01,"3h11MHQeCrcsUgRRijI1zL","RELATED_TO"
"14MtanGZe4G1fzC8raLFUK",0.6,"4YEr8mFSxP4ukSF1r17pOZ","RELATED_TO"
"14MtanGZe4G1fzC8raLFUK",0.91,"4FJPplt1JOVw8Q7NiwFmLv","RELATED_TO"
"14MtanGZe4G1fzC8raLFUK",1.01,"5lVNSw2GPci8kebrAQpZqU","RELATED_TO"
"14MtanGZe4G1fzC8raLFUK",0.86,"62akbR2hpk0ArA98zOYNys","RELATED_TO"
"14MtanGZe4G1fzC8raLFUK",0.71,"3StDV7dbuu968KpgOAnsnT","RELATED_TO"
"14MtanGZe4G1fzC8raLFUK",0.81,"22xFYRBuSniRzAYugJFjvY","RELATED_TO"
"14MtanGZe4G1fzC8raLFUK",0.89,"2UgphhGSlC9QWgaZWUOCkl","RELATED_TO"
"14MtanGZe4G1fzC8raLFUK",0.96,"0s122QsNac4WSqoVsFD60m","RELATED_TO"
"14MtanGZe4G1fzC8raLFUK",0.95,"2E1NFr5AeEGUJkLUUsWCAO","RELATED_TO"
"14MtanGZe4G1fzC8raLFUK",0.91,"04L4Y7Hkc1fULKhFbTnSSs","RELATED_TO"
"14MtanGZe4G1fzC8raLFUK",0.89,"6oqv4rbOMlOZNOUoDFgBSp","RELATED_TO"
"14MtanGZe4G1fzC8raLFUK",0.88,"38jpuy3yt3QIxQ8Fn1HTeJ","RELATED_TO"
"14MtanGZe4G1fzC8raLFUK",1.0,"5OImcY3khBn9UFjzgaapob","RELATED_TO"
"14MtanGZe4G1fzC8raLFUK",0.9,"36AJmodiIrwV9U3QOiLMYM","RELATED_TO"
"14MtanGZe4G1fzC8raLFUK",0.8,"3sv9dCyzqOsGcJHPl5seiq","RELATED_TO"
"14MtanGZe4G1fzC8raLFUK",1.02,"0oO1IaDOBSeI96HbnCa5pZ","RELATED_TO"
"14MtanGZe4G1fzC8raLFUK",0.87,"31ZNfGVEEcI9CyicPVJQni","RELATED_TO"
"4FJPplt1JOVw8Q7NiwFmLv",0.97,"16KSSLMXOdKQ2MHt9bOHTG","RELATED_TO"
"4FJPplt1JOVw8Q7NiwFmLv",1.07,"0nJcDqY6ox4kHB92AuRA8j","RELATED_TO"
"38jpuy3yt3QIxQ8Fn1HTeJ",0.88,"6PDUdAoMV9dMy0wOt09Rsf","RELATED_TO"
"38jpuy3yt3QIxQ8Fn1HTeJ",0.95,"6n5ccknvteaKfN4WA2qf3C","RELATED_TO"
"38jpuy3yt3QIxQ8Fn1HTeJ",0.88,"0J6ZEXmLQfZMeHBoa4JZTH","RELATED_TO"
"38jpuy3yt3QIxQ8Fn1HTeJ",0.82,"3Uvzk4iffO4mvchgRNJjbs","RELATED_TO"
"38jpuy3yt3QIxQ8Fn1HTeJ",0.87,"3Ckt7DNBcLi93B2LGyKYzy","RELATED_TO"
"38jpuy3yt3QIxQ8Fn1HTeJ",0.97,"7eYXtOjJGhrM16cK2hRmnR","RELATED_TO"
"38jpuy3yt3QIxQ8Fn1HTeJ",1.06,"0FBRY66KVaAiddGVefikLB","RELATED_TO"
"38jpuy3yt3QIxQ8Fn1HTeJ",0.91,"6oqv4rbOMlOZNOUoDFgBSp","RELATED_TO"
"38jpuy3yt3QIxQ8Fn1HTeJ",0.97,"2JnkjHtuUjz83gkEx8QMS4","RELATED_TO"
"38jpuy3yt3QIxQ8Fn1HTeJ",0.91,"2UgphhGSlC9QWgaZWUOCkl","RELATED_TO"
"38jpuy3yt3QIxQ8Fn1HTeJ",1.02,"2ew9JvyyuOGkhahuwdovDq","RELATED_TO"
"38jpuy3yt3QIxQ8Fn1HTeJ",0.82,"0SnbG2YfyykWmnsXwBXonJ","RELATED_TO"
"0SnbG2YfyykWmnsXwBXonJ",0.76,"5wHxSZdr7rIyqlFJxH1gCM","RELATED_TO"
"5wHxSZdr7rIyqlFJxH1gCM",0.76,"0SnbG2YfyykWmnsXwBXonJ","RELATED_TO"
"5wHxSZdr7rIyqlFJxH1gCM",0.39,"1sU9P9tukhV9PkBTSuLoh2","RELATED_TO"
"5wHxSZdr7rIyqlFJxH1gCM",0.41,"7ku3jESl57yPuO0FD29F2F","RELATED_TO"
"5wHxSZdr7rIyqlFJxH1gCM",0.39,"7rDrlxukFUv4BELiz0K2Qe","RELATED_TO"
"5wHxSZdr7rIyqlFJxH1gCM",0.45,"7y34BVEvvXgLXrXSLBYshO","RELATED_TO"
"5wHxSZdr7rIyqlFJxH1gCM",0.75,"16LyZ7r3rzPJqljgvz0fvq","RELATED_TO"
"5wHxSZdr7rIyqlFJxH1gCM",0.48,"05UldFiN2YHSDTjA5dkoWn","RELATED_TO"
"5wHxSZdr7rIyqlFJxH1gCM",0.51,"0QLk7WTsSEa7zhJg0B89FP","RELATED_TO"
"5wHxSZdr7rIyqlFJxH1gCM",0.39,"735VthXIPPGlq5rX58ogOM","RELATED_TO"
"5wHxSZdr7rIyqlFJxH1gCM",0.4,"3ApAbPEORpJXrzWeJOWjEb","RELATED_TO"
"5wHxSZdr7rIyqlFJxH1gCM",0.5,"3M0RZ2Go7cgWqN5VT83GgY","RELATED_TO"
"5wHxSZdr7rIyqlFJxH1gCM",0.67,"3XyhZgjNCOB4onNVrbtYiB","RELATED_TO"
"5wHxSZdr7rIyqlFJxH1gCM",0.42,"5cdMY46dFgw27Mr0WB5TlT","RELATED_TO"
"5wHxSZdr7rIyqlFJxH1gCM",0.41,"1rj8lSnQbepEEk1elbZOfb","RELATED_TO"
"5wHxSZdr7rIyqlFJxH1gCM",0.39,"2QHhAAQ6LzqGmBkmFE2Hrh","RELATED_TO"
"5wHxSZdr7rIyqlFJxH1gCM",0.39,"5UK4riRb8wla6FlTHuRi0e","RELATED_TO"
"5wHxSZdr7rIyqlFJxH1gCM",0.39,"1JXCRSEtuyVojNvkrg8xys","RELATED_TO"
"5wHxSZdr7rIyqlFJxH1gCM",0.4,"3KzYmKpv9L57pgHXE9I7um","RELATED_TO"
"5wHxSZdr7rIyqlFJxH1gCM",0.39,"11RA0djjHwvM3BdCSSnWK1","RELATED_TO"
"5wHxSZdr7rIyqlFJxH1gCM",0.39,"6DUXSSoQSaWVE39ezLuJfW","RELATED_TO"
"0SnbG2YfyykWmnsXwBXonJ",0.8,"6PDUdAoMV9dMy0wOt09Rsf","RELATED_TO"
"0SnbG2YfyykWmnsXwBXonJ",0.81,"6fJvW51nWhRImJyos6O7sT","RELATED_TO"
"0SnbG2YfyykWmnsXwBXonJ",0.8,"0J6ZEXmLQfZMeHBoa4JZTH","RELATED_TO"
"0SnbG2YfyykWmnsXwBXonJ",0.75,"4TeakFq7Xbpo0ihpTQrekM","RELATED_TO"
"4TeakFq7Xbpo0ihpTQrekM",0.69,"0Vg2GA2WmLIPXILz95CS03","RELATED_TO"
"4TeakFq7Xbpo0ihpTQrekM",0.81,"6PDUdAoMV9dMy0wOt09Rsf","RELATED_TO"
"4TeakFq7Xbpo0ihpTQrekM",0.78,"3m5g6NUg2akZ9Vv9D8GYBf","RELATED_TO"
"4TeakFq7Xbpo0ihpTQrekM",0.84,"6oqv4rbOMlOZNOUoDFgBSp","RELATED_TO"
"4TeakFq7Xbpo0ihpTQrekM",0.81,"0J6ZEXmLQfZMeHBoa4JZTH","RELATED_TO"
"4TeakFq7Xbpo0ihpTQrekM",0.69,"51NwQz5MA32kigUGYjdA3z","RELATED_TO"
"4TeakFq7Xbpo0ihpTQrekM",0.65,"6H6VFCKcJLUKANeWVr5mYU","RELATED_TO"
"4TeakFq7Xbpo0ihpTQrekM",0.73,"2lPXenWgbh51R950CMdk6i","RELATED_TO"
"4TeakFq7Xbpo0ihpTQrekM",0.75,"0SnbG2YfyykWmnsXwBXonJ","RELATED_TO"
"4TeakFq7Xbpo0ihpTQrekM",0.61,"3kerdbIX1DaNMNBcgvKtDR","RELATED_TO"
"4TeakFq7Xbpo0ihpTQrekM",0.82,"3k9XSew0mrAQytiYyIXf18","RELATED_TO"
"4TeakFq7Xbpo0ihpTQrekM",0.79,"6nl0PkJi7Xog1gon9f6WIl","RELATED_TO"
"4TeakFq7Xbpo0ihpTQrekM",0.82,"7btR5VXutQv39SDEzcfXEk","RELATED_TO"
"4TeakFq7Xbpo0ihpTQrekM",0.63,"7mNBit6W1boNnvOSVQCB8h","RELATED_TO"
"4TeakFq7Xbpo0ihpTQrekM",0.71,"5WI60lKXG4mP2OPyt8pyQ2","RELATED_TO"
"4TeakFq7Xbpo0ihpTQrekM",0.7,"1d8saXrZBqwtB9yQmqckWS","RELATED_TO"
"4TeakFq7Xbpo0ihpTQrekM",0.75,"3Uvzk4iffO4mvchgRNJjbs","RELATED_TO"
"4TeakFq7Xbpo0ihpTQrekM",0.69,"6lU2Le0VfhyLnb8x0bOqil","RELATED_TO"
"4TeakFq7Xbpo0ihpTQrekM",0.72,"4IVlorYhuVoIUWg6HVx6DK","RELATED_TO"
"4TeakFq7Xbpo0ihpTQrekM",0.82,"5H2Ir5oA547rZrma8ZXFs5","RELATED_TO"
"0SnbG2YfyykWmnsXwBXonJ",0.77,"3m5g6NUg2akZ9Vv9D8GYBf","RELATED_TO"
"0SnbG2YfyykWmnsXwBXonJ",0.83,"6oqv4rbOMlOZNOUoDFgBSp","RELATED_TO"
"0SnbG2YfyykWmnsXwBXonJ",0.87,"0EAlTKO2HfATH766bVH1rX","RELATED_TO"
"0SnbG2YfyykWmnsXwBXonJ",0.81,"5H2Ir5oA547rZrma8ZXFs5","RELATED_TO"
"0SnbG2YfyykWmnsXwBXonJ",0.69,"42MgQRvz2CdYiI9u46YJNn","RELATED_TO"
"42MgQRvz2CdYiI9u46YJNn",0.69,"0SnbG2YfyykWmnsXwBXonJ","RELATED_TO"
"42MgQRvz2CdYiI9u46YJNn",0.71,"5wHxSZdr7rIyqlFJxH1gCM","RELATED_TO"
"42MgQRvz2CdYiI9u46YJNn",0.71,"0DH2O8Nvb5KxMaI9jCZUqW","RELATED_TO"
"42MgQRvz2CdYiI9u46YJNn",0.65,"53PVBEKRk4Fvq8w8cLydLX","RELATED_TO"
"42MgQRvz2CdYiI9u46YJNn",0.71,"5yPVuutf3WAXUt1VqDaN1t","RELATED_TO"
"42MgQRvz2CdYiI9u46YJNn",0.88,"052B9SONfhoScw7dgYWw5o","RELATED_TO"
"42MgQRvz2CdYiI9u46YJNn",0.68,"08st4VKj9jjZJ5eKzAOHq8","RELATED_TO"
"42MgQRvz2CdYiI9u46YJNn",0.65,"4epc3Bd0DOBA0kDywkRAsu","RELATED_TO"
"42MgQRvz2CdYiI9u46YJNn",0.75,"62akbR2hpk0ArA98zOYNys","RELATED_TO"
"42MgQRvz2CdYiI9u46YJNn",0.77,"10Bo1ofGMWr6hFD7OM7W7r","RELATED_TO"
"42MgQRvz2CdYiI9u46YJNn",0.79,"1UgUBnYpGyrYfGIfkMp08O","RELATED_TO"
"42MgQRvz2CdYiI9u46YJNn",0.79,"2l0xOjnrmYsxNoQ0QI3G5a","RELATED_TO"
"42MgQRvz2CdYiI9u46YJNn",0.75,"4EdTAy3S5GrswFHCdpiKP3","RELATED_TO"
"42MgQRvz2CdYiI9u46YJNn",0.73,"0X2423nvaH92bYjYUKCYRI","RELATED_TO"
"42MgQRvz2CdYiI9u46YJNn",0.75,"6PDUdAoMV9dMy0wOt09Rsf","RELATED_TO"
"42MgQRvz2CdYiI9u46YJNn",0.83,"4Siyzg8kWayQfPQsPSl6JI","RELATED_TO"
"42MgQRvz2CdYiI9u46YJNn",0.69,"366L4EjZXBPYbHs9XDQILZ","RELATED_TO"
"42MgQRvz2CdYiI9u46YJNn",0.72,"1AD6JUzgEvTAI8TLGwlrba","RELATED_TO"
"42MgQRvz2CdYiI9u46YJNn",0.72,"3m5g6NUg2akZ9Vv9D8GYBf","RELATED_TO"
"42MgQRvz2CdYiI9u46YJNn",0.78,"6oqv4rbOMlOZNOUoDFgBSp","RELATED_TO"
"0SnbG2YfyykWmnsXwBXonJ",0.78,"0X2423nvaH92bYjYUKCYRI","RELATED_TO"
"0SnbG2YfyykWmnsXwBXonJ",0.76,"0DH2O8Nvb5KxMaI9jCZUqW","RELATED_TO"
"0SnbG2YfyykWmnsXwBXonJ",0.8,"62akbR2hpk0ArA98zOYNys","RELATED_TO"
"0SnbG2YfyykWmnsXwBXonJ",0.73,"2z9DWWfNONyl2nyy1GNSi0","RELATED_TO"
"2z9DWWfNONyl2nyy1GNSi0",0.65,"54fZiNN8CtExTWCj5Gbeu4","RELATED_TO"
"2z9DWWfNONyl2nyy1GNSi0",0.76,"1KFfk3NtblIJtGEqyiR31t","RELATED_TO"
"2z9DWWfNONyl2nyy1GNSi0",0.77,"0X2423nvaH92bYjYUKCYRI","RELATED_TO"
"2z9DWWfNONyl2nyy1GNSi0",0.58,"3CIXyIrNkSUBFRQdG6rdGb","RELATED_TO"
"2z9DWWfNONyl2nyy1GNSi0",0.65,"5JywRcVtRJR2yVvjCb2O5H","RELATED_TO"
"2z9DWWfNONyl2nyy1GNSi0",0.79,"4EdTAy3S5GrswFHCdpiKP3","RELATED_TO"
"2z9DWWfNONyl2nyy1GNSi0",0.6,"6hr0SehcycxwgYfCgVy32M","RELATED_TO"
"2z9DWWfNONyl2nyy1GNSi0",0.68,"7uxpFclesPI9MwYDLa3ldG","RELATED_TO"
"2z9DWWfNONyl2nyy1GNSi0",0.75,"1tZgoMqNTa7lII4w9pV3ud","RELATED_TO"
"2z9DWWfNONyl2nyy1GNSi0",0.92,"052B9SONfhoScw7dgYWw5o","RELATED_TO"
"2z9DWWfNONyl2nyy1GNSi0",0.92,"7MdlXmq2HViAJWo9cf30sR","RELATED_TO"
"2z9DWWfNONyl2nyy1GNSi0",0.61,"5v1K4IgzvVs7rFzessYPhS","RELATED_TO"
"2z9DWWfNONyl2nyy1GNSi0",0.63,"5FizNUi0Rn6ZR6cmXL5nts","RELATED_TO"
"2z9DWWfNONyl2nyy1GNSi0",0.8,"5H2Ir5oA547rZrma8ZXFs5","RELATED_TO"
"2z9DWWfNONyl2nyy1GNSi0",0.69,"56HtyYJoZvYc5aVdqDd94i","RELATED_TO"
"2z9DWWfNONyl2nyy1GNSi0",0.76,"3m5g6NUg2akZ9Vv9D8GYBf","RELATED_TO"
"2z9DWWfNONyl2nyy1GNSi0",0.8,"5lZ8HC92jRDlyeq0vSxGeI","RELATED_TO"
"2z9DWWfNONyl2nyy1GNSi0",0.79,"0J6ZEXmLQfZMeHBoa4JZTH","RELATED_TO"
"2z9DWWfNONyl2nyy1GNSi0",0.79,"62akbR2hpk0ArA98zOYNys","RELATED_TO"
"2z9DWWfNONyl2nyy1GNSi0",0.72,"3urGFEv1zqwK24gupip690","RELATED_TO"
"0SnbG2YfyykWmnsXwBXonJ",0.73,"3urGFEv1zqwK24gupip690","RELATED_TO"
"0SnbG2YfyykWmnsXwBXonJ",0.77,"4p5WgeiPSPpqPDs7T6OkWf","RELATED_TO"
"4p5WgeiPSPpqPDs7T6OkWf",0.71,"6FJfLfGO9X2AVNz0sFscrG","RELATED_TO"
"4p5WgeiPSPpqPDs7T6OkWf",0.78,"7A0eeETj5gjPjvXLnskbfG","RELATED_TO"
"4p5WgeiPSPpqPDs7T6OkWf",0.7,"690s28S2ybWXTI9IdX86mO","RELATED_TO"
"4p5WgeiPSPpqPDs7T6OkWf",0.84,"5H2Ir5oA547rZrma8ZXFs5","RELATED_TO"
"4p5WgeiPSPpqPDs7T6OkWf",0.76,"3BPvVhOECwv7HSHVZaq3BG","RELATED_TO"
"4p5WgeiPSPpqPDs7T6OkWf",0.8,"1KFfk3NtblIJtGEqyiR31t","RELATED_TO"
"4p5WgeiPSPpqPDs7T6OkWf",0.82,"3BxjasMelf9pKaE4f7Y0So","RELATED_TO"
"4p5WgeiPSPpqPDs7T6OkWf",0.77,"7itMGcVGRKS43LcTQvJitf","RELATED_TO"
"4p5WgeiPSPpqPDs7T6OkWf",0.74,"5nw8Cj9x9XXKDuuNhl5mF7","RELATED_TO"
"4p5WgeiPSPpqPDs7T6OkWf",0.83,"3fdC2UHP39tyWCUsHB6qlv","RELATED_TO"
"4p5WgeiPSPpqPDs7T6OkWf",0.83,"0J6ZEXmLQfZMeHBoa4JZTH","RELATED_TO"
"4p5WgeiPSPpqPDs7T6OkWf",0.83,"6PDUdAoMV9dMy0wOt09Rsf","RELATED_TO"
"4p5WgeiPSPpqPDs7T6OkWf",0.7,"5P5SpM7u8xeNc2pj6ncxXy","RELATED_TO"
"4p5WgeiPSPpqPDs7T6OkWf",0.72,"2noNB4p7pYhP4XfNcdDfJc","RELATED_TO"
"4p5WgeiPSPpqPDs7T6OkWf",0.9,"0EAlTKO2HfATH766bVH1rX","RELATED_TO"
"4p5WgeiPSPpqPDs7T6OkWf",0.74,"0UVthdD1eqqsoNLX9ek4Xb","RELATED_TO"
"4p5WgeiPSPpqPDs7T6OkWf",0.67,"2eprK9dqUOpKRzI18r7e8G","RELATED_TO"
"4p5WgeiPSPpqPDs7T6OkWf",0.76,"7GwCNTWgIGOdOX5vXRsht4","RELATED_TO"
"4p5WgeiPSPpqPDs7T6OkWf",0.81,"0X2423nvaH92bYjYUKCYRI","RELATED_TO"
"4p5WgeiPSPpqPDs7T6OkWf",0.67,"2p0rSIjHFpx3IYYenqB14y","RELATED_TO"
"0SnbG2YfyykWmnsXwBXonJ",0.82,"10Bo1ofGMWr6hFD7OM7W7r","RELATED_TO"
"0SnbG2YfyykWmnsXwBXonJ",0.73,"08st4VKj9jjZJ5eKzAOHq8","RELATED_TO"
"0SnbG2YfyykWmnsXwBXonJ",0.82,"0j4dGWeyGGE4GvrAzdZIZ5","RELATED_TO"
"0SnbG2YfyykWmnsXwBXonJ",0.66,"5JywRcVtRJR2yVvjCb2O5H","RELATED_TO"
"38jpuy3yt3QIxQ8Fn1HTeJ",0.97,"2E1NFr5AeEGUJkLUUsWCAO","RELATED_TO"
"01e2lCvLZ4fLUIRy68nptH",1.19,"2D9Oe8R9UhbMvFAsMJpXj0","RELATED_TO"
"01e2lCvLZ4fLUIRy68nptH",1.27,"5EehXjjMktLuJmbRsM7YfB","RELATED_TO"
"01e2lCvLZ4fLUIRy68nptH",1.21,"1WjBIvYAnZTkTh5UiZNwlR","RELATED_TO"
"01e2lCvLZ4fLUIRy68nptH",1.16,"6eNOjuJSfKkAvbiGW90AkZ","RELATED_TO"
"01e2lCvLZ4fLUIRy68nptH",1.08,"4FJPplt1JOVw8Q7NiwFmLv","RELATED_TO"
"041iTeoMIwXMlShuQPIVKo",1.25,"2D9Oe8R9UhbMvFAsMJpXj0","RELATED_TO"
"041iTeoMIwXMlShuQPIVKo",1.17,"6XJeFzmI6vrWyHcdB7EImP","RELATED_TO"
"041iTeoMIwXMlShuQPIVKo",1.13,"0HZ3FXXgXyKoMHKwKSZOpq","RELATED_TO"
"041iTeoMIwXMlShuQPIVKo",1.14,"4N6XVXvfjBPNFCdS56TCea","RELATED_TO"
"041iTeoMIwXMlShuQPIVKo",1.14,"7tL5UmgvPx6TqKyf0Sjjw6","RELATED_TO"
"041iTeoMIwXMlShuQPIVKo",1.32,"0rasA5Z5h1ITtHelCpfu9R","RELATED_TO"
"041iTeoMIwXMlShuQPIVKo",1.37,"61ipISvUVa5LkJlKZnm3Oo","RELATED_TO"
"041iTeoMIwXMlShuQPIVKo",1.12,"1YkHCcMgZ6fTQMeEQyYKTf","RELATED_TO"
"041iTeoMIwXMlShuQPIVKo",1.22,"6eNOjuJSfKkAvbiGW90AkZ","RELATED_TO"
"041iTeoMIwXMlShuQPIVKo",1.15,"7gY2UGpmfLNKfezQPuG7Hx","RELATED_TO"
"041iTeoMIwXMlShuQPIVKo",1.19,"1oXiuCd5F0DcnmXH5KaM6N","RELATED_TO"
